REF_AREA,ACTIVITY,OBS_VALUE,TIME_PERIOD,diversity,ubiquity,mcp,eci,pci,density,coi,cog,rca,distance,density_norm,clase_titulo,seccion_codigo,seccion_titulo
HND,0810,194.0,2019,53,11,0,-1.1439451466634083,-1.8680238583022497,0.289431240958284,0.02175665854353447,0.12483449246495161,0.3593023758836715,0.710568759041716,-0.9667110371384079,"Extracción de piedra, arena y arcilla",B,Explotación de minas y canteras
HND,0899,5.0,2019,53,9,0,-1.1439451466634083,0.7375322912206715,0.25054109691625753,0.02175665854353447,0.6541646338167234,0.2213869302992535,0.7494589030837424,-1.3861004661476257,Explotación de otras minas y canteras n.c.p.,B,Explotación de minas y canteras
HND,1061,0.0,2019,53,11,0,-1.1439451466634083,-0.4499391441890539,0.29198541394854965,0.02175665854353447,0.4786062143126439,0.0,0.7080145860514504,-0.9391669593684541,Elaboración de productos de molinería,C,Industrias manufactureras
HND,1071,4601.0,2019,53,9,0,-1.1439451466634083,-1.2624531832420365,0.281675883409271,0.02175665854353447,0.4639193169030766,0.7821276461567264,0.718324116590729,-1.0503444371774528,Elaboración de productos de panadería,C,Industrias manufactureras
HND,1073,200.0,2019,53,10,0,-1.1439451466634083,-2.6800711373117734,0.31675174305703735,0.02175665854353447,-0.001967946706596952,0.2553604991824546,0.6832482569429627,-0.6720880662628217,Elaboración de cacao y chocolate y de productos de confitería,C,Industrias manufactureras
HND,1074,77.0,2019,53,8,0,-1.1439451466634083,-2.0531477857167135,0.2788361455114686,0.02175665854353447,0.24450883978222615,0.3306011816847896,0.7211638544885314,-1.0809680330738367,"Elaboración de macarrones, fideos, alcuzcuz y productos farináceos similares",C,Industrias manufactureras
HND,1075,41.0,2019,53,7,0,-1.1439451466634083,4.148892242540875,0.2186694170229965,0.02175665854353447,1.3264426203427897,0.09738461871116452,0.7813305829770035,-1.7298031178414512,Elaboración de comidas y platos preparados,C,Industrias manufactureras
HND,1101,87.0,2019,53,12,0,-1.1439451466634083,-1.4507976531168407,0.30246116440559306,0.02175665854353447,0.2650512235410507,0.43357027265615716,0.697538835594407,-0.8261969740201158,"Destilación, rectificación y mezcla de bebidas alcohólicas",C,Industrias manufactureras
HND,1102,1.0,2019,53,6,0,-1.1439451466634083,-1.8124472961620488,0.28929539029784257,0.02175665854353447,0.23681379002979558,0.02177105981233647,0.7107046097021574,-0.9681760440782506,Elaboración de vinos,C,Industrias manufactureras
HND,1312,276.0,2019,53,5,0,-1.1439451466634083,0.363028432342907,0.23651011328041965,0.02175665854353447,0.7359871161190346,0.7152692950248446,0.7634898867195803,-1.5374099138347501,Tejedura de productos textiles,C,Industrias manufactureras
HND,1393,0.0,2019,53,4,0,-1.1439451466634083,0.39487241524649835,0.2168017014331425,0.02175665854353447,0.497777595429565,0.0,0.7831982985668575,-1.7499444722662127,Fabricación de tapices y alfombras,C,Industrias manufactureras
HND,1394,0.0,2019,53,9,0,-1.1439451466634083,-0.2539113256116107,0.3014828159370003,0.02175665854353447,0.45423947505280166,0.0,0.6985171840629997,-0.8367474365016061,"Fabricación de cuerdas, cordeles, bramantes y redes",C,Industrias manufactureras
HND,1511,2.0,2019,53,5,0,-1.1439451466634083,-2.8425147609336934,0.289025482803942,0.02175665854353447,0.11457619085370668,0.011247403379626762,0.710974517196058,-0.9710867134146751,Curtido y adobo de cueros; adobo y teñido de pieles,C,Industrias manufactureras
HND,1520,141.0,2019,53,10,0,-1.1439451466634083,-2.806078990126335,0.300585491159546,0.02175665854353447,0.03715643280149245,0.11825633623274627,0.699414508840454,-0.8464241434236917,Fabricación de calzado,C,Industrias manufactureras
HND,1621,103.0,2019,53,9,0,-1.1439451466634083,-1.362981061170594,0.2823993381326643,0.02175665854353447,0.24114120325135358,0.24194696591156636,0.7176006618673356,-1.0425427364938538,Fabricación de hojas de madera para enchapado y tableros a base de madera,C,Industrias manufactureras
HND,1622,641.0,2019,53,10,0,-1.1439451466634083,0.25741473680436955,0.24090976809075954,0.02175665854353447,0.7147259557360286,0.5312965435742021,0.7590902319092405,-1.4899642495360494,Fabricación de partes y piezas de carpintería para edificios y construcciones,C,Industrias manufactureras
HND,1623,56.0,2019,53,9,0,-1.1439451466634083,-1.914482625653008,0.2685057915499162,0.02175665854353447,0.22053960420344532,0.1495579974110841,0.7314942084500837,-1.1923700696596808,Fabricación de recipientes de madera,C,Industrias manufactureras
HND,1701,94.0,2019,53,8,0,-1.1439451466634083,2.04812182193822,0.24594564872623217,0.02175665854353447,1.1217164101920456,0.17263173280965943,0.7540543512737679,-1.435657556766099,"Fabricación de pasta de madera, papel y cartón",C,Industrias manufactureras
HND,1702,953.0,2019,53,7,0,-1.1439451466634083,-1.4278825798660149,0.26833513403850523,0.02175665854353447,0.43112243372094616,0.7601084315676704,0.7316648659614948,-1.1942104319938867,Fabricación de papel y cartón ondulado y de envases de papel y cartón,C,Industrias manufactureras
HND,1811,168.0,2019,53,14,0,-1.1439451466634083,-0.7898168676604518,0.2863522686673812,0.02175665854353447,0.4889537788693243,0.09585815672675102,0.7136477313326188,-0.9999145251383877,Impresión,C,Industrias manufactureras
HND,1920,6.0,2019,53,10,0,-1.1439451466634083,-1.675361275457936,0.29825037968119117,0.02175665854353447,0.2498353126354313,0.01445857013437725,0.7017496203188088,-0.8716058724633634,Fabricación de productos de la refinación del petróleo,C,Industrias manufactureras
HND,2011,354.0,2019,53,6,0,-1.1439451466634083,5.5559241261524805,0.18438619859348895,0.02175665854353447,1.7416075823359896,0.2679972159224985,0.8156138014065111,-2.0995116842641397,Fabricación de sustancias químicas básicas,C,Industrias manufactureras
HND,2012,38.0,2019,53,13,0,-1.1439451466634083,-0.02023911425791134,0.2935695885595973,0.02175665854353447,0.604065587947921,0.16543325291269398,0.7064304114404028,-0.9220832971207594,Fabricación de abonos y compuestos de nitrógeno,C,Industrias manufactureras
HND,2021,128.0,2019,53,8,0,-1.1439451466634083,-1.0055824979914711,0.29684588304842396,0.02175665854353447,0.3414090633434467,0.9613457558491434,0.703154116951576,-0.8867518960991996,Fabricación de plaguicidas y otros productos químicos de uso agropecuario,C,Industrias manufactureras
HND,2022,16.0,2019,53,5,0,-1.1439451466634083,1.3237676931007158,0.2256047380798043,0.02175665854353447,1.0350973862559658,0.02282948959656354,0.7743952619201957,-1.6550129516012062,"Fabricación de pinturas, barnices y productos de revestimiento similares, tintas de imprenta y masillas",C,Industrias manufactureras
HND,2029,41.0,2019,53,8,0,-1.1439451466634083,2.0563813755097406,0.23867619217200992,0.02175665854353447,1.2603166000576473,0.049203795754524035,0.76132380782799,-1.51405102402063,Fabricación de otros productos químicos n.c.p.,C,Industrias manufactureras
HND,2219,714.0,2019,53,8,0,-1.1439451466634083,-0.94016388438356,0.23902765216223446,0.02175665854353447,0.694272739988979,0.7141195232400855,0.7609723478377656,-1.5102608965153017,Fabricación de otros productos de caucho,C,Industrias manufactureras
HND,2220,4260.0,2019,53,7,0,-1.1439451466634083,-0.8941972487015877,0.256453996914559,0.02175665854353447,0.6992400102466976,0.6944209613362959,0.743546003085441,-1.3223360390630547,Fabricación de productos de plástico,C,Industrias manufactureras
HND,2310,285.0,2019,53,8,0,-1.1439451466634083,0.16188943693278943,0.242904394777668,0.02175665854353447,0.8323560536911849,0.2989293787630297,0.757095605222332,-1.4684542919898622,Fabricación de vidrio y productos de vidrio,C,Industrias manufactureras
HND,2392,12.0,2019,53,8,0,-1.1439451466634083,-2.1889030034242345,0.2763107911032539,0.02175665854353447,0.17612612131656083,0.025348094475572958,0.7236892088967462,-1.108201332651297,Fabricación de materiales de construcción de arcilla,C,Industrias manufactureras
HND,2393,60.0,2019,53,6,0,-1.1439451466634083,-0.5674197581247038,0.22259505164912813,0.02175665854353447,0.7520535741265848,0.2246718774364002,0.7774049483508718,-1.687469264241603,Fabricación de otros productos de porcelana y de cerámica,C,Industrias manufactureras
HND,2395,780.0,2019,53,14,0,-1.1439451466634083,0.5843729838579368,0.27522501184272863,0.02175665854353447,0.7416017763149647,0.7364036604512835,0.7247749881572714,-1.1199103235876549,"Fabricación de artículos de hormigón, cemento y yeso",C,Industrias manufactureras
HND,2396,36.0,2019,53,6,0,-1.1439451466634083,-2.0201349479024517,0.25591539734617613,0.02175665854353447,0.18663686660392234,0.07106496071831492,0.7440846026538239,-1.3281442707117883,"Corte, talla y acabado de la piedra",C,Industrias manufactureras
HND,2399,7.0,2019,53,11,0,-1.1439451466634083,0.37488248535449786,0.2704171781225709,0.02175665854353447,0.7691183565569666,0.01760015093195866,0.7295828218774292,-1.1717577694723824,Fabricación de otros productos minerales no metálicos n.c.p.,C,Industrias manufactureras
HND,2410,389.0,2019,53,5,0,-1.1439451466634083,0.2822719273695254,0.20554926779774013,0.02175665854353447,1.1104095511782988,0.21153453356250876,0.7944507322022598,-1.8712901713774268,Industrias básicas de hierro y acero,C,Industrias manufactureras
HND,2420,167.0,2019,53,8,0,-1.1439451466634083,0.842853496495043,0.2698261814817192,0.02175665854353447,0.8956722393191567,0.2529077786386998,0.7301738185182808,-1.1781310486118295,Fabricación de productos primarios de metales preciosos y otros metales no ferrosos,C,Industrias manufactureras
HND,2431,22.0,2019,53,7,0,-1.1439451466634083,-1.499151330594297,0.2708547535070205,0.02175665854353447,0.5698203167613142,0.04301549303917547,0.7291452464929795,-1.1670389777282713,Fundición de hierro y acero,C,Industrias manufactureras
HND,2432,6.0,2019,53,6,0,-1.1439451466634083,-1.2432465826659505,0.21398468638375934,0.02175665854353447,0.6652040433857435,0.012975266987576665,0.7860153136162407,-1.7803230260662315,Fundición de metales no ferrosos,C,Industrias manufactureras
HND,2511,1602.0,2019,53,12,0,-1.1439451466634083,-1.6371730154155548,0.28939490719113753,0.02175665854353447,0.22490322112899624,0.3864891134913964,0.7106050928088625,-0.9671028587228392,Fabricación de productos metálicos para uso estructural,C,Industrias manufactureras
HND,2512,1.0,2019,53,5,0,-1.1439451466634083,-2.0812664743468265,0.2419119410990076,0.02175665854353447,0.18534450523870236,0.001919826659285102,0.7580880589009924,-1.479156864373284,"Fabricación de tanques, depósitos y recipientes de metal",C,Industrias manufactureras
HND,2513,1.0,2019,53,5,0,-1.1439451466634083,0.6793767353422603,0.23250439949938181,0.02175665854353447,0.6989403110221268,0.009082157079776759,0.7674956005006182,-1.58060733716104,"Fabricación de generadores de vapor, excepto calderas de agua caliente para calefacción central",C,Industrias manufactureras
HND,2520,2.0,2019,53,6,0,-1.1439451466634083,-1.063539234620346,0.2640672961306726,0.02175665854353447,0.3834472457199037,0.006170851726505611,0.7359327038693274,-1.2402345892028597,Fabricación de armas y municiones,C,Industrias manufactureras
HND,2591,56.0,2019,53,4,0,-1.1439451466634083,4.6192740083059,0.1671096971786112,0.02175665854353447,1.7891729979952777,0.03934571567170736,0.8328903028213888,-2.2858206384257036,"Forja, prensado, estampado y laminado de metales; pulvimetalurgia",C,Industrias manufactureras
HND,2592,5.0,2019,53,6,0,-1.1439451466634083,2.75603114347281,0.18073100115788107,0.02175665854353447,1.3762552140362119,0.0011571563324788842,0.8192689988421189,-2.1389291563048443,Tratamiento y revestimiento de metales; maquinado,C,Industrias manufactureras
HND,2593,7.0,2019,53,3,0,-1.1439451466634083,2.5177848563327854,0.14610729130333344,0.02175665854353447,1.3399793134936695,0.004866767037491415,0.8538927086966666,-2.5123095657573704,"Fabricación de artículos de cuchillería, herramientas de mano y artículos de ferretería",C,Industrias manufactureras
HND,2610,126.0,2019,53,2,0,-1.1439451466634083,1.7066762332605971,0.1934720046970814,0.02175665854353447,0.6494685974800524,0.05283649476349808,0.8065279953029186,-2.0015307914765916,Fabricación de componentes y tableros electrónicos,C,Industrias manufactureras
HND,2620,0.0,2019,53,7,0,-1.1439451466634083,-1.2876092922093714,0.24006335414211222,0.02175665854353447,0.632577317335332,0.0,0.7599366458578878,-1.4990919365470574,Fabricación de ordenadores y equipo periférico,C,Industrias manufactureras
HND,2630,5.0,2019,53,5,0,-1.1439451466634083,2.0079519728545376,0.20607265845450737,0.02175665854353447,1.0325207833599936,0.005312533645314708,0.7939273415454926,-1.8656459518946407,Fabricación de equipo de comunicaciones,C,Industrias manufactureras
HND,2640,24.0,2019,53,3,0,-1.1439451466634083,3.6495055922743114,0.16916912827027691,0.02175665854353447,1.4969177158396278,0.15745472434501695,0.830830871729723,-2.2636118333185755,Fabricación de aparatos electrónicos de consumo,C,Industrias manufactureras
HND,2652,7.0,2019,53,3,0,-1.1439451466634083,3.8221067736151997,0.1521970101629665,0.02175665854353447,1.4051340493620996,0.18159711715087412,0.8478029898370335,-2.4466383326395853,Fabricación de relojes,C,Industrias manufactureras
HND,2660,1.0,2019,53,6,0,-1.1439451466634083,4.567590992757568,0.1723982221179381,0.02175665854353447,1.7491176749778634,0.0030480286174938685,0.8276017778820619,-2.2287894417243366,Fabricación de equipo de irradiación y equipo electrónico de uso médico y terapéutico,C,Industrias manufactureras
HND,2670,1.0,2019,53,3,0,-1.1439451466634083,3.173543807512519,0.17609759376046416,0.02175665854353447,1.4380097873011095,0.003815972787410329,0.8239024062395358,-2.1888955971765944,Fabricación de instrumentos ópticos y equipo fotográfico,C,Industrias manufactureras
HND,2710,8.0,2019,53,6,0,-1.1439451466634083,1.8742498973113142,0.20276265772078372,0.02175665854353447,1.2345342401612607,0.0027905248573629263,0.7972373422792163,-1.9013408394280042,"Fabricación de motores, generadores y transformadores eléctricos y aparatos de distribución y control de la energía eléctrica",C,Industrias manufactureras
HND,2731,0.0,2019,53,7,0,-1.1439451466634083,1.699307079186545,0.21927959277259282,0.02175665854353447,0.9735165783669578,0.0,0.7807204072274072,-1.7232230121225849,Fabricación de cables de fibra óptica,C,Industrias manufactureras
HND,2732,0.0,2019,53,10,0,-1.1439451466634083,-0.46656226776548587,0.26708906641856345,0.02175665854353447,0.4720165862715621,0.0,0.7329109335814366,-1.2076479648317575,Fabricación de otros hilos y cables eléctricos,C,Industrias manufactureras
HND,2733,0.0,2019,53,4,0,-1.1439451466634083,2.36922102414649,0.16740149642583313,0.02175665854353447,1.2928516891876072,0.0,0.8325985035741669,-2.2826738894821803,Fabricación de dispositivos de cableado,C,Industrias manufactureras
HND,2750,131.0,2019,53,8,0,-1.1439451466634083,-2.3571364460254776,0.27070919061559395,0.02175665854353447,0.2394244673037437,0.12633976217388013,0.729290809384406,-1.1686087208964717,Fabricación de aparatos de uso doméstico,C,Industrias manufactureras
HND,2790,10.0,2019,53,6,0,-1.1439451466634083,-0.6968764759631695,0.20461125714976058,0.02175665854353447,0.7620071179999306,0.011092417647219039,0.7953887428502394,-1.8814056327559086,Fabricación de otros tipos de equipo eléctrico,C,Industrias manufactureras
HND,2811,71.0,2019,53,3,0,-1.1439451466634083,5.316947364030887,0.12769597122444404,0.02175665854353447,1.4920816098861849,0.07044043233943993,0.8723040287755559,-2.710856349406389,"Fabricación de motores y turbinas, excepto motores para aeronaves, vehículos automotores y motocicletas",C,Industrias manufactureras
HND,2812,0.0,2019,53,4,0,-1.1439451466634083,2.5250931378021124,0.17930688964755548,0.02175665854353447,1.484612722296646,0.0,0.8206931103524445,-2.1542867058298727,Fabricación de equipo de propulsión de fluidos,C,Industrias manufactureras
HND,2813,0.0,2019,53,4,0,-1.1439451466634083,3.355709570682798,0.1626776261384244,0.02175665854353447,1.5995345134646355,0.0,0.8373223738615756,-2.3336158777764133,"Fabricación de otras bombas, compresores, grifos y válvulas",C,Industrias manufactureras
HND,2814,0.0,2019,53,3,0,-1.1439451466634083,1.6868460196385044,0.15059313473894204,0.02175665854353447,1.2530937568319553,0.0,0.849406865261058,-2.4639344474998603,"Fabricación de cojinetes, engranajes, trenes de engranajes y piezas de transmisión",C,Industrias manufactureras
HND,2815,1.0,2019,53,3,0,-1.1439451466634083,5.697378030245942,0.12925743839430284,0.02175665854353447,1.6344005449657808,0.0057876443258851945,0.8707425616056972,-2.694017563104233,"Fabricación de hornos, hogares y quemadores",C,Industrias manufactureras
HND,2816,29.0,2019,53,4,0,-1.1439451466634083,6.846838924462197,0.15683345093888224,0.02175665854353447,1.9226190298570967,0.020519691363057934,0.8431665490611178,-2.3966391799610793,Fabricación de equipo de elevación y manipulación,C,Industrias manufactureras
HND,2817,34.0,2019,53,4,0,-1.1439451466634083,1.9817707370704745,0.2009036223911725,0.02175665854353447,1.2623956378371668,0.47767730972462036,0.7990963776088276,-1.9213885863468916,Fabricación de maquinaria y equipo de oficina (excepto ordenadores y equipo periférico),C,Industrias manufactureras
HND,2818,0.0,2019,53,3,0,-1.1439451466634083,1.3064153534234502,0.15069770908029312,0.02175665854353447,1.1107748217523588,0.0,0.8493022909197069,-2.4628067228696597,Fabricación de herramientas de mano motorizadas,C,Industrias manufactureras
HND,2819,70.0,2019,53,2,0,-1.1439451466634083,5.004742908104998,0.11745671926951345,0.02175665854353447,1.435120178116349,0.027978839540658242,0.8825432807304865,-2.821275946366979,Fabricación de otros tipos de maquinaria de uso general,C,Industrias manufactureras
HND,2821,0.0,2019,53,8,0,-1.1439451466634083,3.132363876184915,0.19763030544564839,0.02175665854353447,1.3855847652949276,0.0,0.8023696945543516,-1.9566878776857473,Fabricación de maquinaria agropecuaria y forestal,C,Industrias manufactureras
HND,2822,2.0,2019,53,2,0,-1.1439451466634083,5.004742908104998,0.11745671926951345,0.02175665854353447,1.435120178116349,0.0019363991724039842,0.8825432807304865,-2.821275946366979,Fabricación de maquinaria para la conformación de metales y de máquinas herramienta,C,Industrias manufactureras
HND,2823,0.0,2019,53,3,0,-1.1439451466634083,1.6868460196385044,0.15059313473894204,0.02175665854353447,1.2530937568319553,0.0,0.849406865261058,-2.4639344474998603,Fabricación de maquinaria metalúrgica,C,Industrias manufactureras
HND,2824,0.0,2019,53,7,0,-1.1439451466634083,2.3013184361821732,0.21486019862263342,0.02175665854353447,1.2271339012867184,0.0,0.7851398013773666,-1.7708815445033144,Fabricación de maquinaria para la explotación de minas y canteras y para obras de construcción,C,Industrias manufactureras
HND,2825,9.0,2019,53,5,0,-1.1439451466634083,2.492795548805022,0.16695090073793772,0.02175665854353447,1.3328573479089545,0.01702682692793414,0.8330490992620623,-2.2875330915477794,"Fabricación de maquinaria para la elaboración de alimentos, bebidas y tabaco",C,Industrias manufactureras
HND,2826,20.0,2019,53,4,0,-1.1439451466634083,2.2940048295886073,0.16588786343522974,0.02175665854353447,1.26611679045808,0.08712658509872559,0.8341121365647702,-2.2989968343129497,"Fabricación de maquinaria para la elaboración de productos textiles, prendas de vestir y cueros",C,Industrias manufactureras
HND,2829,0.0,2019,53,4,0,-1.1439451466634083,6.846838924462197,0.15683345093888224,0.02175665854353447,1.9226190298570967,0.0,0.8431665490611178,-2.3966391799610793,Fabricación de otros tipos de maquinaria de uso especial,C,Industrias manufactureras
HND,2910,1.0,2019,53,2,0,-1.1439451466634083,6.961225784028622,0.12168879878000544,0.02175665854353447,1.4905215169745714,0.00020476047268362028,0.8783112012199945,-2.7756374059823297,Fabricación de vehículos automotores,C,Industrias manufactureras
HND,2920,0.0,2019,53,7,0,-1.1439451466634083,3.4970242686869213,0.19119904027044166,0.02175665854353447,1.4269584472914822,0.0,0.8088009597295583,-2.026042329721772,Fabricación de carrocerías para vehículos automotores; fabricación de remolques y semirremolques,C,Industrias manufactureras
HND,2930,50.0,2019,53,7,0,-1.1439451466634083,-2.8552754483557297,0.26455231584861033,0.02175665854353447,0.17020136305895153,0.009080515422008481,0.7354476841513897,-1.2350041600652277,"Fabricación de partes, piezas y accesorios para vehículos automotores",C,Industrias manufactureras
HND,3011,0.0,2019,53,5,0,-1.1439451466634083,1.1275797440431152,0.23382886304366748,0.02175665854353447,0.7161628218348307,0.0,0.7661711369563325,-1.566324386473554,Construcción de buques y estructuras flotantes,C,Industrias manufactureras
HND,3012,0.0,2019,53,6,0,-1.1439451466634083,2.1624173280504597,0.20868427304314588,0.02175665854353447,0.9774582257594306,0.0,0.7913157269568541,-1.8374824267110457,Construcción de embarcaciones de recreo y de deporte,C,Industrias manufactureras
HND,3020,0.0,2019,53,8,0,-1.1439451466634083,-2.3809895637657976,0.25985670420762247,0.02175665854353447,0.10662446399179616,0.0,0.7401432957923775,-1.2856414084856713,Fabricación de locomotoras y material rodante,C,Industrias manufactureras
HND,3030,0.0,2019,53,5,0,-1.1439451466634083,0.6117690058382331,0.219006847101937,0.02175665854353447,0.9400792252655111,0.0,0.780993152898063,-1.7261642882196204,"Fabricación de aeronaves, naves espaciales y maquinaria conexa",C,Industrias manufactureras
HND,3040,0.0,2019,53,2,0,-1.1439451466634083,6.702324012017281,0.14621288140506686,0.02175665854353447,1.5859125204299218,0.0,0.8537871185949332,-2.5111708872164233,Fabricación de vehículos militares de combate,C,Industrias manufactureras
HND,3091,0.0,2019,53,3,0,-1.1439451466634083,-0.6292818489665456,0.2059707686323252,0.02175665854353447,0.4560597061720894,0.0,0.7940292313676748,-1.8667447268001964,Fabricación de motocicletas,C,Industrias manufactureras
HND,3092,67.0,2019,53,6,0,-1.1439451466634083,-1.3827330530817794,0.23002789195983978,0.02175665854353447,0.3962668856898528,0.5555839449783849,0.7699721080401603,-1.6073138744735063,Fabricación de bicicletas y de sillones de ruedas para inválidos,C,Industrias manufactureras
HND,3099,12.0,2019,53,6,0,-1.1439451466634083,1.036357846571663,0.22922535515868528,0.02175665854353447,0.819900756112223,0.7064983133843429,0.7707746448413147,-1.6159683924519264,Fabricación de otros tipos de equipo de transporte n.c.p.,C,Industrias manufactureras
HND,3100,454.0,2019,53,8,0,-1.1439451466634083,-3.651289674227416,0.2773381347119163,0.02175665854353447,-0.09352456219657965,0.12228255957830556,0.7226618652880836,-1.0971225089532515,Fabricación de muebles,C,Industrias manufactureras
HND,3211,148.0,2019,53,6,0,-1.1439451466634083,-0.682976406185937,0.22479268916940046,0.02175665854353447,0.7329283751261063,0.732778198143554,0.7752073108305996,-1.6637700477048822,Fabricación de joyas y artículos conexos,C,Industrias manufactureras
HND,3220,0.0,2019,53,3,0,-1.1439451466634083,2.9911679369209203,0.1571222806318715,0.02175665854353447,1.3182484927003852,0.0,0.8428777193681285,-2.3935244545465175,Fabricación de instrumentos de música,C,Industrias manufactureras
HND,3230,0.0,2019,53,9,0,-1.1439451466634083,1.0519400252112094,0.24352845924206878,0.02175665854353447,0.8211580297329576,0.0,0.7564715407579312,-1.461724411043493,Fabricación de artículos de deporte,C,Industrias manufactureras
HND,3240,0.0,2019,53,5,0,-1.1439451466634083,-0.8903747563342974,0.20197728068686926,0.02175665854353447,0.7434733814377698,0.0,0.7980227193131307,-1.9098103073079482,Fabricación de juegos y juguetes,C,Industrias manufactureras
HND,3250,119.0,2019,53,4,0,-1.1439451466634083,3.485160456688467,0.14946497752831892,0.02175665854353447,1.5212383250643633,0.05989051823211935,0.8505350224716811,-2.4761004401967392,Fabricación de instrumentos y materiales médicos y odontológicos,C,Industrias manufactureras
HND,3290,104.0,2019,53,7,0,-1.1439451466634083,-1.697949176347892,0.2779364257097069,0.02175665854353447,0.33040111679673306,0.17401531986124652,0.7220635742902931,-1.0906705678220079,Otras industrias manufactureras n.c.p.,C,Industrias manufactureras
HND,3530,56.0,2019,53,8,0,-1.1439451466634083,-1.4404866933729528,0.2570161168299498,0.02175665854353447,0.32107578891644495,0.11447954643668824,0.7429838831700502,-1.3162741651318168,Suministro de vapor y de aire acondicionado,D,"Suministro de electricidad, gas, vapor y aire acondicionado"
HND,3700,615.0,2019,53,6,0,-1.1439451466634083,0.9732307940373183,0.24520584297874418,0.02175665854353447,0.9850635481779559,0.9075555886684409,0.7547941570212559,-1.4436355861012806,Evacuación de aguas residuales,E,"Suministro de agua; evacuación de aguas residuales, gestión de desechos y descontaminación"
HND,3811,87.0,2019,53,9,0,-1.1439451466634083,-2.0328083096305067,0.26763690882625923,0.02175665854353447,0.1957407412945208,0.03314325881157633,0.7323630911737408,-1.201740058851716,Recogida de desechos no peligrosos,E,"Suministro de agua; evacuación de aguas residuales, gestión de desechos y descontaminación"
HND,3812,0.0,2019,53,8,0,-1.1439451466634083,0.6046090926635133,0.26413427798705413,0.02175665854353447,0.6527496696293887,0.0,0.7358657220129459,-1.2395122601091058,Recogida de desechos peligrosos,E,"Suministro de agua; evacuación de aguas residuales, gestión de desechos y descontaminación"
HND,3821,14.0,2019,53,5,0,-1.1439451466634083,1.655576493410057,0.22840698684941727,0.02175665854353447,0.8957218170282389,0.015657904309047777,0.7715930131505827,-1.6247936366467604,Tratamiento y eliminación de desechos no peligrosos,E,"Suministro de agua; evacuación de aguas residuales, gestión de desechos y descontaminación"
HND,3822,44.0,2019,53,9,0,-1.1439451466634083,0.8152112738751167,0.23362902339318328,0.02175665854353447,0.9936942121942672,0.3564344591625326,0.7663709766068167,-1.5684794475815664,Tratamiento y eliminación de desechos peligrosos,E,"Suministro de agua; evacuación de aguas residuales, gestión de desechos y descontaminación"
HND,3830,360.0,2019,53,6,0,-1.1439451466634083,-1.7790243667559917,0.24280962193234404,0.02175665854353447,0.34034571815065306,0.3846713574348035,0.757190378067656,-1.4694763177618173,Recuperación de materiales,E,"Suministro de agua; evacuación de aguas residuales, gestión de desechos y descontaminación"
HND,4220,24.0,2019,53,13,0,-1.1439451466634083,-0.15644524717340932,0.2889243886712922,0.02175665854353447,0.45947892647215954,0.015233070844799588,0.7110756113287078,-0.9721769076428673,Construcción de proyectos de servicio público,F,Construcción
HND,4311,0.0,2019,53,6,0,-1.1439451466634083,1.9908343517062317,0.2038116215882778,0.02175665854353447,1.135459852713331,0.0,0.7961883784117222,-1.8900288639062823,Demolición,F,Construcción
HND,4312,170.0,2019,53,7,0,-1.1439451466634083,2.048680425037045,0.23525214143563028,0.02175665854353447,0.8866767804498188,0.1387746981287367,0.7647478585643697,-1.5509758212565832,Preparación del terreno,F,Construcción
HND,4390,596.0,2019,53,6,0,-1.1439451466634083,4.59950460825723,0.18842017664930785,0.02175665854353447,1.4982581126285068,0.11417526359662611,0.8115798233506921,-2.0560094603680965,Otras actividades especializadas de construcción,F,Construcción
HND,4610,1055.0,2019,53,8,0,-1.1439451466634083,-1.5787465528492195,0.2641436825829795,0.02175665854353447,0.2654526863917205,0.5138909199508392,0.7358563174170205,-1.2394108414023266,Venta al por mayor a cambio de una retribución o por contrata,G,Comercio al por mayor y al por menor; reparación de vehículos automotores y motocicletas
HND,4620,1182.0,2019,53,9,0,-1.1439451466634083,-0.7390313261664947,0.2952744259519014,0.02175665854353447,0.4043978902997842,0.8375367412025486,0.7047255740480987,-0.9036984132864561,Venta al por mayor de materias primas agropecuarias y animales vivos,G,Comercio al por mayor y al por menor; reparación de vehículos automotores y motocicletas
HND,4630,7388.0,2019,53,7,0,-1.1439451466634083,0.23824174232443704,0.26948899958617134,0.02175665854353447,0.633718553577918,0.8538258571650741,0.7305110004138287,-1.1817672018359795,"Venta al por mayor de alimentos, bebidas y tabaco",G,Comercio al por mayor y al por menor; reparación de vehículos automotores y motocicletas
HND,4641,1284.0,2019,53,10,0,-1.1439451466634083,0.9139545261846929,0.2843491758392492,0.02175665854353447,0.7825968017090077,0.6698681658578303,0.7156508241607509,-1.021515781141321,"Venta al por mayor de productos textiles, prendas de vestir y calzado",G,Comercio al por mayor y al por menor; reparación de vehículos automotores y motocicletas
HND,4649,1776.0,2019,53,7,0,-1.1439451466634083,0.820926884691254,0.2658877514232711,0.02175665854353447,0.714573062270958,0.23685411018077238,0.7341122485767289,-1.2206028875338033,Venta al por mayor de otros enseres domésticos,G,Comercio al por mayor y al por menor; reparación de vehículos automotores y motocicletas
HND,4651,358.0,2019,53,9,0,-1.1439451466634083,3.385380229568081,0.24485434881306964,0.02175665854353447,1.3187824656390896,0.25543796974515687,0.7551456511869303,-1.4474260821530056,"Venta al por mayor de ordenadores, equipo periférico y programas de informática",G,Comercio al por mayor y al por menor; reparación de vehículos automotores y motocicletas
HND,4652,783.0,2019,53,6,0,-1.1439451466634083,2.085304014056718,0.24543823496310324,0.02175665854353447,0.963976734872934,0.739369090735116,0.7545617650368968,-1.4411294822020166,"Venta al por mayor de equipo, partes y piezas electrónicos y de telecomunicaciones",G,Comercio al por mayor y al por menor; reparación de vehículos automotores y motocicletas
HND,4659,1468.0,2019,53,8,0,-1.1439451466634083,3.1109556888999403,0.25112671905043576,0.02175665854353447,1.1351728891280772,0.29996106320541477,0.7488732809495642,-1.3797851454277346,Venta al por mayor de otros tipos de maquinaria y equipo,G,Comercio al por mayor y al por menor; reparación de vehículos automotores y motocicletas
HND,4662,308.0,2019,53,3,0,-1.1439451466634083,6.768235807773656,0.15009622441092493,0.02175665854353447,1.774563671725191,0.3572073439287757,0.849903775589075,-2.4692931044004536,Venta al por mayor de metales y minerales metalíferos,G,Comercio al por mayor y al por menor; reparación de vehículos automotores y motocicletas
HND,4663,1522.0,2019,53,9,0,-1.1439451466634083,2.874073420071197,0.23669982264319983,0.02175665854353447,1.2011569875063335,0.29521900261211526,0.7633001773568002,-1.535364097258496,"Venta al por mayor de materiales de construcción, artículos de ferretería y equipo y materiales de fontanería y calefacción",G,Comercio al por mayor y al por menor; reparación de vehículos automotores y motocicletas
HND,4669,444.0,2019,53,11,0,-1.1439451466634083,-0.30471323991342114,0.2868859822679487,0.02175665854353447,0.4878692724718785,0.22339483381440395,0.7131140177320513,-0.9941589835298361,"Venta al por mayor de desperdicios, desechos y chatarra y otros productos n.c.p.",G,Comercio al por mayor y al por menor; reparación de vehículos automotores y motocicletas
HND,4911,21.0,2019,53,7,0,-1.1439451466634083,-1.008658786476192,0.24937129180881304,0.02175665854353447,0.3103427209075929,0.03424105319672496,0.750628708191187,-1.3987155877458652,Transporte interurbano de pasajeros por ferrocarril,H,Transporte y almacenamiento
HND,4922,860.0,2019,53,10,0,-1.1439451466634083,0.504532240395265,0.26552736532548876,0.02175665854353447,0.7903276236524909,0.29400032843629087,0.7344726346745112,-1.2244892737505388,Otras actividades de transporte por vía terrestre,H,Transporte y almacenamiento
HND,4923,2794.0,2019,53,12,0,-1.1439451466634083,0.07537367127554344,0.2736830340156762,0.02175665854353447,0.5569137255497327,0.2224785913057161,0.7263169659843238,-1.1365389377613015,Transporte de carga por carretera,H,Transporte y almacenamiento
HND,4930,0.0,2019,53,9,0,-1.1439451466634083,-1.4231955740195155,0.28797300045789603,0.02175665854353447,0.186688507924225,0.0,0.712026999542104,-0.9824366320386204,Transporte por tuberías,H,Transporte y almacenamiento
HND,5012,96.0,2019,53,6,0,-1.1439451466634083,3.1287123135542174,0.24421174095601417,0.02175665854353447,1.0306903865847186,0.22308142189671076,0.7557882590439858,-1.454355934147282,Transporte de carga marítimo y de cabotaje,H,Transporte y almacenamiento
HND,5021,61.0,2019,53,5,0,-1.1439451466634083,4.168140245208049,0.1559551568979051,0.02175665854353447,1.6165172178903044,0.8579623332965746,0.8440448431020949,-2.4061106603430895,Transporte de pasajeros por vías de navegación interiores,H,Transporte y almacenamiento
HND,5022,0.0,2019,53,6,0,-1.1439451466634083,-2.1760951663200596,0.2731909137322621,0.02175665854353447,0.17170660568782775,0.0,0.7268090862677379,-1.1418459390529874,Transporte de carga por vías de navegación interiores,H,Transporte y almacenamiento
HND,5120,6.0,2019,53,6,0,-1.1439451466634083,1.3323888108760396,0.23331983377529053,0.02175665854353447,0.8872814934534858,0.12012905486915075,0.7666801662247095,-1.5718137334397904,Transporte de carga por vía aérea,H,Transporte y almacenamiento
HND,5210,210.0,2019,53,9,0,-1.1439451466634083,1.4821595094945503,0.24886408685465455,0.02175665854353447,0.9701091276469439,0.16924541470839305,0.7511359131453454,-1.404185261395963,Almacenamiento y depósito,H,Transporte y almacenamiento
HND,5221,520.0,2019,53,8,0,-1.1439451466634083,-2.5694907882955187,0.29024207542968317,0.02175665854353447,-0.0033425461310200464,0.2809795912871882,0.7097579245703168,-0.9579670374861152,Actividades de servicios vinculadas al transporte terrestre,H,Transporte y almacenamiento
HND,5223,540.0,2019,53,12,0,-1.1439451466634083,0.14376906165392567,0.270391299456934,0.02175665854353447,0.6408986687160719,0.45256648926752246,0.729608700543066,-1.172036843748714,Actividades de servicios vinculadas al transporte aéreo,H,Transporte y almacenamiento
HND,5224,692.0,2019,53,9,0,-1.1439451466634083,0.4543789714364334,0.27980460515956995,0.02175665854353447,0.6086261174707854,0.6396358019585812,0.72019539484043,-1.070524211153384,Manipulación de la carga,H,Transporte y almacenamiento
HND,5229,1871.0,2019,53,5,0,-1.1439451466634083,3.3877322981193596,0.17497582906265527,0.02175665854353447,1.3669359772893177,0.3954844107170136,0.8250241709373447,-2.2009926533250206,Otras actividades de apoyo al transporte,H,Transporte y almacenamiento
HND,5510,6009.0,2019,53,7,0,-1.1439451466634083,-1.0274569626795553,0.2610487654509285,0.02175665854353447,0.3008372793254538,0.6465131945233419,0.7389512345490715,-1.2727862777966756,Actividades de alojamiento para estancias cortas,I,Actividades de alojamiento y de servicio de comidas
HND,5520,6.0,2019,53,7,0,-1.1439451466634083,0.16921782046546474,0.2516074894253603,0.02175665854353447,0.5415377644343191,0.025116638830282693,0.7483925105746396,-1.3746005409992637,"Actividades de campamentos, parques de vehículos recreativos y parques de caravanas",I,Actividades de alojamiento y de servicio de comidas
HND,5590,147.0,2019,53,9,0,-1.1439451466634083,-1.4689791517892248,0.28409629871733594,0.02175665854353447,0.33428174109474995,0.8345862281396146,0.7159037012826641,-1.024242795771405,Otras actividades de alojamiento,I,Actividades de alojamiento y de servicio de comidas
HND,5912,4.0,2019,53,4,0,-1.1439451466634083,2.038122106549942,0.20850213924107727,0.02175665854353447,0.7819663464225882,0.03432624014474316,0.7914978607589227,-1.8394465488076437,"Actividades de postproducción de películas cinematográficas, vídeos y programas de televisión",J,Información y comunicaciones
HND,5913,0.0,2019,53,7,0,-1.1439451466634083,1.292686059699514,0.24160416294715542,0.02175665854353447,0.847631549854367,0.0,0.7583958370528445,-1.482475929050116,"Actividades de distribución de películas cinematográficas, vídeos y programas de televisión",J,Información y comunicaciones
HND,5920,4.0,2019,53,9,0,-1.1439451466634083,2.881310263233444,0.23221967283496464,0.02175665854353447,1.2833397885608369,0.03962605726255713,0.7677803271650354,-1.5836778157142843,Actividades de grabación de sonido y edición de música,J,Información y comunicaciones
HND,6190,86.0,2019,53,10,0,-1.1439451466634083,-1.038736665081393,0.2853181836778297,0.02175665854353447,0.33395924152881407,0.18224323011117954,0.7146818163221703,-1.011066047561302,Otras actividades de telecomunicaciones,J,Información y comunicaciones
HND,6201,904.0,2019,53,10,0,-1.1439451466634083,0.04040493957847608,0.25514915220075074,0.02175665854353447,0.6478266225924556,0.16437106248233457,0.7448508477992493,-1.3364074212332615,Programación informática,J,Información y comunicaciones
HND,6202,1127.0,2019,53,7,0,-1.1439451466634083,3.230173016297005,0.2167780971509246,0.02175665854353447,1.0920495999955575,0.20790477564829604,0.7832219028490754,-1.7501990197019548,Consultoría de informática y gestión de instalaciones informáticas,J,Información y comunicaciones
HND,6209,1318.0,2019,53,7,0,-1.1439451466634083,1.211185091682736,0.21433082956445892,0.02175665854353447,0.9725760646428502,0.7748249589307841,0.7856691704355411,-1.7765902347772058,Otras actividades de tecnología de la información y de servicios informáticos,J,Información y comunicaciones
HND,6311,81.0,2019,53,7,0,-1.1439451466634083,0.5228355843968971,0.22345448119295147,0.02175665854353447,0.7394964093993319,0.06605284687156264,0.7765455188070485,-1.67820121768286,"Procesamiento de datos, hospedaje y actividades conexas",J,Información y comunicaciones
HND,6810,1456.0,2019,53,10,0,-1.1439451466634083,0.9058408549203972,0.25680750793073825,0.02175665854353447,0.8348936616372327,0.39275502447675764,0.7431924920692617,-1.3185237933932092,Actividades inmobiliarias realizadas con bienes propios o arrendados,L,Actividades inmobiliarias
HND,6910,1120.0,2019,53,8,0,-1.1439451466634083,2.7563132126281165,0.2522184207116783,0.02175665854353447,1.310621929186617,0.33596638430669484,0.7477815792883217,-1.3680122876089986,Actividades jurídicas,M,"Actividades profesionales, científicas y técnicas"
HND,6920,1248.0,2019,53,10,0,-1.1439451466634083,2.6658366074933992,0.2337628082913631,0.02175665854353447,1.1478086668343432,0.19980856485767973,0.7662371917086369,-1.567036717721861,"Actividades de contabilidad, teneduría de libros y auditoría; consultoría fiscal",M,"Actividades profesionales, científicas y técnicas"
HND,7010,2105.0,2019,53,4,0,-1.1439451466634083,4.649051896018452,0.16276838039201474,0.02175665854353447,1.4105424562198827,0.992278626277003,0.8372316196079852,-2.3326371883030013,Actividades de oficinas principales,M,"Actividades profesionales, científicas y técnicas"
HND,7020,555.0,2019,53,12,0,-1.1439451466634083,0.18456285393284028,0.29054653929471935,0.02175665854353447,0.548385638179042,0.11506128827556449,0.7094534607052807,-0.9546837139177201,Actividades de consultoría de gestión,M,"Actividades profesionales, científicas y técnicas"
HND,7110,1164.0,2019,53,8,0,-1.1439451466634083,3.687915204907178,0.22669358863108097,0.02175665854353447,1.4584056557126788,0.14080218631483662,0.773306411368919,-1.6432708400141982,Actividades de arquitectura e ingeniería y actividades conexas de consultoría técnica,M,"Actividades profesionales, científicas y técnicas"
HND,7210,111.0,2019,53,8,0,-1.1439451466634083,2.727343442471753,0.21131098672454796,0.02175665854353447,1.1930738263168823,0.055149749451619025,0.788689013275452,-1.809156073642683,Investigaciones y desarrollo experimental en el campo de las ciencias naturales y la ingeniería,M,"Actividades profesionales, científicas y técnicas"
HND,7310,1745.0,2019,53,10,0,-1.1439451466634083,2.466273609205742,0.26736812110780417,0.02175665854353447,1.079681386559189,0.5915407286581309,0.7326318788921958,-1.2046386525839927,Publicidad,M,"Actividades profesionales, científicas y técnicas"
HND,7410,74.0,2019,53,8,0,-1.1439451466634083,1.7521209105000042,0.23613826540550387,0.02175665854353447,0.9187223223534703,0.13238050600125625,0.7638617345944961,-1.5414199033007365,Actividades especializadas de diseño,M,"Actividades profesionales, científicas y técnicas"
HND,7490,473.0,2019,53,10,0,-1.1439451466634083,0.9130428861552501,0.25385525309468837,0.02175665854353447,0.6949869548578577,0.28487689451798853,0.7461447469053116,-1.350360766499883,"Otras actividades profesionales, científicas y técnicas n.c.p.",M,"Actividades profesionales, científicas y técnicas"
HND,7730,508.0,2019,53,10,0,-1.1439451466634083,1.073909628095835,0.28937219588252155,0.02175665854353447,0.732218631365906,0.47430816403645315,0.7106278041174785,-0.9673477763745252,"Alquiler y arrendamiento de otros tipos de maquinaria, equipo y bienes tangibles",N,Actividades de servicios administrativos y de apoyo
HND,7740,2.0,2019,53,5,0,-1.1439451466634083,6.446136710316293,0.1593743665549501,0.02175665854353447,1.7655853450643817,0.015350252495654672,0.8406256334450499,-2.3692380690721166,"Arrendamiento de propiedad intelectual y productos similares, excepto obras protegidas por derechos de autor",N,Actividades de servicios administrativos y de apoyo
HND,7830,108.0,2019,53,9,0,-1.1439451466634083,-0.16228109316606895,0.27138348049110184,0.02175665854353447,0.5577091916765012,0.06047121010280252,0.7286165195088982,-1.16133721155029,Otras actividades de dotación de recursos humanos,N,Actividades de servicios administrativos y de apoyo
HND,7911,676.0,2019,53,10,0,-1.1439451466634083,-1.3921665759879789,0.31231017285104357,0.02175665854353447,0.21808697426935672,0.8009755543206343,0.6876898271489564,-0.7199857441573319,Actividades de agencias de viajes,N,Actividades de servicios administrativos y de apoyo
HND,7912,203.0,2019,53,9,0,-1.1439451466634083,1.6742764372449919,0.2393377366008962,0.02175665854353447,1.0602837998239334,0.353478974574194,0.7606622633991038,-1.5069169609532618,Actividades de operadores turísticos,N,Actividades de servicios administrativos y de apoyo
HND,8110,14.0,2019,53,5,0,-1.1439451466634083,4.113896835296074,0.17804710367108714,0.02175665854353447,1.578784405933733,0.006365280362301047,0.8219528963289129,-2.1678721767598317,Actividades combinadas de apoyo a instalaciones,N,Actividades de servicios administrativos y de apoyo
HND,8129,98.0,2019,53,6,0,-1.1439451466634083,0.6109253850841836,0.22478787417860835,0.02175665854353447,0.6322569562960251,0.044854982751299025,0.7752121258213917,-1.663821972332284,Otras actividades de limpieza de edificios y de instalaciones industriales,N,Actividades de servicios administrativos y de apoyo
HND,8219,55.0,2019,53,7,0,-1.1439451466634083,0.5937767086255424,0.25068980081071507,0.02175665854353447,0.6803643895068613,0.31395131730334047,0.749310199189285,-1.3844968505549298,"Fotocopiado, preparación de documentos y otras actividades especializadas de apoyo de oficina",N,Actividades de servicios administrativos y de apoyo
HND,8230,80.0,2019,53,7,0,-1.1439451466634083,1.7963001380769887,0.2466033492069568,0.02175665854353447,1.1487834940371118,0.11751963527411283,0.7533966507930432,-1.4285649466494557,Organización de convenciones y exposiciones comerciales,N,Actividades de servicios administrativos y de apoyo
HND,8291,4.0,2019,53,7,0,-1.1439451466634083,3.4471806684627517,0.21797188680991003,0.02175665854353447,1.4232557392796208,0.009524190726863932,0.7820281131900899,-1.7373252498620189,Actividades de agencias de cobro y agencias de calificación crediticia,N,Actividades de servicios administrativos y de apoyo
HND,8292,110.0,2019,53,5,0,-1.1439451466634083,1.7871470084572714,0.18597587760914142,0.02175665854353447,1.3173657936857455,0.15124867168711892,0.8140241223908586,-2.082368662783891,Actividades de envasado y empaquetado,N,Actividades de servicios administrativos y de apoyo
HND,8299,804.0,2019,53,6,0,-1.1439451466634083,1.290142073352376,0.19964038727896594,0.02175665854353447,1.1108807260494586,0.21030629878384124,0.8003596127210341,-1.935011252589531,Otras actividades de servicios de apoyo a las empresas n.c.p.,N,Actividades de servicios administrativos y de apoyo
