ciiu,cumulative_investment_lac,cagr_investment_lac,elasticidad_empleo_fdi_lac,cagr_production,cagr_exports,share_imports_china,elasticidad_empleo_producto,rca_peers,razon_insumos_presentes,razon_electricidad_gasto_total,institutional_intensity
810.0,1001.3849984920021,40.99069051525193,0.9106716329680322,3.093351083457563,-5.236518825095315,0.13207657533545372,-3.1782489146211828,0.0,0.21212089013447682,0.226952589660083,0.36
899.0,1001.3849984920021,40.99069051525193,0.9106716329680322,20.82915023717826,-6.116433657877208,0.11791678975575978,-0.6527604605406717,0.0,0.1556672764483229,0.226952589660083,0.36
910.0,1001.3849984920021,40.99069051525193,0.9106716329680322,-3.9254324382592576,5.848182404407587,0.0007018822286223457,-1.1409781444333889,0.0,0.32165200391006843,0.21443128816794751,0.36
990.0,1001.3849984920021,40.99069051525193,0.9106716329680322,65.43356027927693,3.8231546606916966,0.08912777521744074,0.08730474093213483,0.0,0.186738997439503,0.2931033630162748,0.389
1010.0,1476.200001907348,42.56996594776403,0.9919819948507295,3.5188813423684406,4.602397192774577,0.006551394872637065,-2.3351939581136345,0.673369663620862,0.43153616179005333,0.01976578416990626,0.331
1020.0,1001.3849984920021,40.99069051525193,0.9106716329680322,4.633070340118861,1.3573849437102048,0.11234766581048906,-1.3103385737619782,9.559718871539918,0.6139005919972343,0.027074474546824035,0.331
1030.0,526.569995076656,39.41141508273982,0.829361271085335,5.214393450832122,6.676316142146299,0.10081192206586836,-0.7767117246828468,2.6579786779801235,0.595215691545967,0.0134695792650525,0.331
1040.0,1001.3849984920021,40.99069051525193,0.9106716329680322,-4.022085791705066,9.103659414701637,0.026737451704511844,-0.16343613328779652,4.94803043298845,0.5375313701255147,0.015613390153232293,0.331
1050.0,304.224997576475,28.64061614397332,0.7791733273969041,0.046483623727944234,4.47632757976677,0.008613194236829826,-64.18576180522076,2.091332316334788,0.5404551004551005,0.014368254588043947,0.331
1061.0,127.080000038147,30.328475680585612,0.4171988647236677,9.871359894118804,7.4035830297401795,0.01786130320442407,-1.0078600529396695,7.292086498262714,0.6359220844514967,0.012304127029439555,0.331
1062.0,127.080000038147,30.328475680585612,0.4171988647236677,0.9430979478313839,8.467337295181965,0.04333772512242598,-8.444322944990708,0.9097745057576192,0.4577338422447118,0.011793028688701714,0.331
1071.0,127.080000038147,30.328475680585612,0.4171988647236677,7.080689769015969,8.268329080954807,0.05197111456526311,-0.7922753806985939,1.1210085284325944,0.6311644907798767,0.01434948505121969,0.331
1072.0,127.080000038147,30.328475680585612,0.4171988647236677,-6.210975795586416,12.36257081204859,0.0113427889206649,0.8487119755797824,19.627205598504567,0.45236013986013984,0.008857929257224922,0.331
1073.0,81.880000076294,17.869817205206818,0.7289853837084733,-1.2117159008094291,8.703492108347843,0.018733885726302354,2.7759382232293426,1.1953319254863384,0.5394179894179899,0.013286893885837377,0.331
1074.0,127.080000038147,30.328475680585612,0.4171988647236677,11.572206656343198,9.390354024027747,0.09602323206874445,-0.17309506338545297,1.7740142291005083,1.0,0.016426842567670824,0.331
1075.0,127.080000038147,30.328475680585612,0.4171988647236677,22.526062540728688,3.004353599947729,0.1073137626643523,-0.8740119099823537,0.386776020111786,0.6135015051206394,0.01855636896350147,0.331
1079.0,127.080000038147,30.328475680585612,0.4171988647236677,1.7374160453177634,6.78162453487452,0.1085818407728597,-5.032464480205739,3.066181175662474,0.3472428543070244,0.015616067634235916,0.3585540242007451
1080.0,172.28,42.7871341559644,0.10541234573886207,7.211125624856707,8.584037058562476,0.09656425791848865,0.9612144556278457,2.2037766014320974,0.5,0.013429265425954545,0.3447770121003726
1101.0,251.7599975276005,26.841471843611096,0.6837304001347309,13.320306616132061,3.9795446842580073,0.0050698574250063475,-1.382459272422627,1.552195915984056,0.39047619047619053,0.015210809268108886,0.713
1102.0,265.5299964785595,77.00511788054436,1.1168963445520537,-20.435151629476643,3.928356464440008,0.062446017792332754,2.702871901424861,1.0082808630771432,0.41532416474039247,0.015210809268108886,0.713
1103.0,199.81999790191801,143.11442622983094,0.9717442345735074,-14.157323989102155,3.1985182962374736,0.00022372783962517525,0.8529607755454451,2.7695069984096836,0.2777777777777779,0.0135019189784053,0.713
1104.0,331.239995055201,10.895809531257793,1.2620484545305997,4.800997027434617,6.513211845479283,0.007874928698615176,-1.0575381409779745,3.406677737076575,1.0,0.015210809268108886,0.713
1200.0,265.5299964785595,77.00511788054436,1.1168963445520537,-30.508916133379405,-0.2777841589498564,0.011534896238790237,-0.17383541137213812,0.07153317893934841,0.714285714285714,0.008519657100168419,0.317
1311.0,14.300000190735,92.64985325160279,0.9245945928471204,-15.996978189494904,-0.6403082110069902,0.15508714347987168,0.7899786091704811,11.910152726001522,0.20950402294973652,0.04863900607001734,0.376
1312.0,23.6800000596045,53.01907258857264,1.0305127911086376,-3.4693704325226116,-0.39860864888281444,0.16056056648333247,2.9207118741397933,1.6001441757154617,0.20783178492807647,0.05114995280156503,0.37413387423935096
1313.0,23.6800000596045,53.01907258857264,1.0305127911086376,-2.6327850080585913,1.8251287444677633,0.3285056098545174,4.98930631539701,1.4188597611824576,0.5199821480029374,0.027587806376617785,0.6785507334557604
1391.0,23.6800000596045,53.01907258857264,1.0305127911086376,-2.613575620691466,1.8267383787614166,0.33530424127105596,3.0296742307163127,0.2160590521258973,0.34290653989042874,0.05114995280156503,0.376
1392.0,23.6800000596045,53.01907258857264,1.0305127911086376,-0.4782927988954411,2.574207131743811,0.40837065814736634,31.873949118748037,1.0396735921509856,0.3012900279129632,0.03398787573980011,0.5206418343302519
1393.0,23.6800000596045,53.01907258857264,1.0305127911086376,-1.5139547905650308,1.3552401894399546,0.17273281723924694,9.253606478640016,0.34257355167821146,0.773809523809523,0.041339249527365916,0.376
1394.0,23.6800000596045,53.01907258857264,1.0305127911086376,4.262586175907379,2.8838212722336776,0.43847522651561016,-1.2506115192516385,5.001485545907156,0.13966666666666666,0.04690583013766524,0.376
1399.0,33.059999928474,13.388291925542495,1.1364309893701545,8.313478016727238,3.0816148664221554,0.3909675929173295,0.894808331467176,1.5233966740822389,0.1752088129654453,0.03443030629018019,0.5171350927318833
1410.0,23.6800000596045,53.01907258857264,1.0305127911086376,-0.5941960053261641,1.8382170695633748,0.3522381743799971,13.966587994035208,2.830672926624974,0.6027503505422278,0.025962300099957137,0.70698224852071
1511.0,1918.9750003814695,208.40360865025292,0.6467416265834649,-3.05700123011704,-5.998665480565757,0.042049604194799396,0.9798253648593185,1.5037579738117253,0.1783232925116178,0.028589889635050252,0.6651814300960512
1520.0,609.25,194.7176857347861,0.6435137197698176,-6.357393984691528,2.866945140919186,0.40573315830584256,1.0295360594670613,2.664880536427498,0.7547619047619047,0.01516505507061619,0.5164176791975862
1610.0,3228.700000762939,222.08953156571977,0.649969533397112,-3.8773873063221553,0.5332651223450613,0.007492427421566682,1.511613032895792,0.5819557796754183,0.12212225227099369,0.01205683470372155,0.516
1621.0,1956.050001144409,213.6113621451654,0.9395521457859335,-7.824874638556523,3.140572887605053,0.054558134127558826,0.5495855956171201,1.015251194952506,0.09414877061935878,0.06479495911074505,0.42864
1622.0,1956.050001144409,213.6113621451654,0.9395521457859335,-5.136097828473862,2.131823433714719,0.093483154690134,2.618001155586103,0.40686665277664585,0.058823529411764705,0.025160206536125836,0.516
1623.0,1956.050001144409,213.6113621451654,0.9395521457859335,-3.82662336897035,5.484186550631565,0.025288213067475855,2.6853611045483174,0.20405419642431552,0.15740740740740736,0.013115658519351267,0.516
1629.0,1956.050001144409,213.6113621451654,0.9395521457859335,0.04680996053920694,3.247690612942322,0.4742193449281009,-220.94304423479187,0.48041922944093834,0.28119956089661974,0.006206401273256298,0.5131054059875907
1701.0,683.400001525879,205.13319272461104,1.229134758174755,-2.7610962612375056,1.358473263950044,0.014761028218514395,-6.869330524203438,1.0124869222847248,0.23763244560896363,0.028223851016296587,0.3826086956521739
1702.0,1956.050001144409,213.6113621451654,0.9395521457859335,-1.1512414002511906,3.5492239962438443,0.2577447817729044,-3.1941605387828558,1.1538309532100997,0.2583333333333333,0.027702467115967556,0.348
1709.0,1956.050001144409,213.6113621451654,0.9395521457859335,2.6004789842774434,3.3384956560879475,0.3698503794706848,1.2392053029335037,1.7555710936503819,0.2027532953735048,0.02197820863346847,0.5267004663669322
1811.0,344.2000007629395,102.56659636230552,1.3294973809402166,-3.028562495460352,4.038173232478837,0.28662371471037856,5.753742458758823,2.5764310471609484,0.31131096133468056,0.016283361470832987,0.4323447295983591
1812.0,5.0,0.0,0.9510834864237153,4.853477386479588,-2.0602913709735327,0.06797183516844543,-3.005034224282528,1.891538512801452,0.19047619047619047,0.021711148627777316,0.713
1920.0,287.939999123812,64.3005013945927,1.6136991582585607,-5.283812164319645,5.79559163206238,0.028077118037702773,0.526438527244234,1.8899408649263976,0.1068757529787384,0.004140975146501831,0.07331818181818182
2011.0,473.599999380112,89.85502348905285,1.4298600037056783,-9.907541847588863,3.7998428181625687,0.14915972176190487,-0.076412923246267,0.32496035209312013,0.19981454759684864,0.013869367038943344,0.5808761734540473
2012.0,53.764999433756,56.273655772227514,0.9510834864237153,6.983923139451642,6.833312248004142,0.010091782014782603,-0.011979376100321192,1.2650874930228153,0.2695297819965114,0.012403760611918703,0.24
2013.0,102.279998867512,38.74597930013255,1.797538312811443,-3.461131409763263,2.7286675794421678,0.06819009355940477,-3.9937118810435193,0.9076881150755929,0.13598445760883202,0.023619346576357732,0.24
2021.0,5.25,73.80133224432248,0.10462866003598766,-1.867268114919196,3.499452488816579,0.2065577371034469,4.939635389941243,2.70430669874792,0.3023255813953488,0.01290968452980535,0.24
2022.0,53.764999433756,56.273655772227514,0.9510834864237153,-3.9629551344814606,2.683073827374849,0.06611651640327187,0.24047202428684472,1.2594489747388127,0.21187939271831915,0.01224286958210588,0.5012394366197184
2023.0,2.875,36.90066612216124,0.9510834864237153,2.412471609103628,4.095697702818457,0.09842264810319475,-1.4285361192086687,1.1089636559200104,0.596757661985576,0.01450649523947191,0.49
2029.0,0.5,0.0,0.9510834864237153,-2.493729607072437,6.181674191052378,0.27445205485392327,-7.394830677040889,0.7343798638812703,0.21758970882729814,0.018108875708043776,0.47653437707741825
2030.0,2.875,36.90066612216124,0.767244331870833,-20.07791104074058,0.029850904520256627,0.09715034198495047,0.4449960447745037,0.07696406752622904,0.24966986617583645,0.02490113326963438,0.2772210526315789
2100.0,256.50000190734903,25.621084094746884,1.79893013689756,-19.784711794506606,6.3806554301162555,0.18327360021851907,-0.6269570237440035,1.879288620383512,0.27377451436007066,0.013049743947694077,0.45199170124481314
2211.0,336.2000007629395,1270.6722074458949,1.9274822851640816,3.172101188807419,4.286200899620063,0.09314098348825237,1.6063263402566175,0.38404495007395145,0.08383000313147367,0.03999901266930905,0.407
2219.0,336.2000007629395,1270.6722074458949,1.9274822851640816,-2.5561404091148043,3.1689259491141986,0.36993499980692596,0.944308375052816,0.19429849590001558,0.20602580712262245,0.023897657128225495,0.5022674158025434
2220.0,336.2000007629395,1270.6722074458949,1.9274822851640816,-0.5852954328787741,3.610011856279516,0.32607965943610057,14.300082374930927,1.064631982011171,0.207299887902677,0.031235965863201366,0.5187573587993621
2310.0,415.89999961853,2515.7233307970428,2.0560344334306033,-5.056344469616681,3.141151171566192,0.3061804170559446,0.20254897662360452,0.5979915049886341,0.27776730279008893,0.0435155135795042,0.48586645768025083
2391.0,54.189998626709,0.0,0.5106572029975112,-0.7145079593154802,1.057545476517574,0.0595762582028883,17.687851409288932,5.270333835820034,0.06449722449722443,0.045691917325891424,0.377
2392.0,89.00499931335449,2.732553912973845,1.2958479150943714,-6.40993471945952,0.3143221656583428,0.2981974410231498,0.05397725120793688,1.0792170110904158,0.3175291218637992,0.045691917325891424,0.3311818181818182
2393.0,89.00499931335449,2.732553912973845,1.2958479150943714,-13.406677215769635,-0.0036571359872894504,0.4181953033778517,-0.7002653661980489,5.85306770408035,0.22582437275985634,0.045691917325891424,0.329
2394.0,89.00499931335449,2.732553912973845,1.2958479150943714,-6.12060112042887,2.2109460837951067,0.004016890270275216,0.7234761041433493,1.670233634817807,0.250233426704015,0.030888749043200082,0.377
2395.0,89.00499931335449,2.732553912973845,1.2958479150943714,-3.8342263335671922,4.829165662092083,0.15573546950673586,5.106828083232404,0.6962912049697592,0.4099116569704808,0.027428886108371037,0.377
2396.0,89.00499931335449,2.732553912973845,1.2958479150943714,-1.3812055893288822,0.13131667058872143,0.16887327778690653,3.252825123504783,0.15773079261941758,0.4866666666666667,0.014366427197865989,0.377
2399.0,123.82,5.46510782594769,0.5356613967581393,1.2895640136067588,3.5774494994750716,0.21734733014423827,-1.3165343368391174,0.6939405873834337,0.1904300580151763,0.0218989842011594,0.3738947368421052
2410.0,89.00499931335449,2.732553912973845,1.2958479150943714,-3.0902768562111493,3.7271972889652893,0.04277155637764396,0.8992679815986193,0.528510798562422,0.047548735137609544,0.031009497107509772,0.2689302325581395
2420.0,89.00499931335449,2.732553912973845,1.2958479150943714,-2.1462115229540224,9.881082890066462,0.10349381656277722,9.788421470149787,1.0478450628966547,0.0667636361167731,0.028702757854096872,0.24013949401045281
2431.0,89.00499931335449,2.732553912973845,1.2958479150943714,-1.2208031453828538,3.7271972889652893,0.04277155637764396,4.73318157614487,2.671443934957419,0.047548735137609544,0.05631917177205838,0.2689302325581395
2432.0,89.00499931335449,2.732553912973845,1.2958479150943714,1.168960048246448,6.804140089515876,0.0731326864702106,-6.627967327102303,0.0344277974601849,0.057156185627191325,0.06846498891545516,0.16
2511.0,71.21000009536749,44.58708172766144,0.5106572029975112,5.277219966351598,6.674424011411895,0.20969108448550378,-1.0624475739697685,0.9561616362090612,0.038537549407114624,0.016539561494433544,0.435
2512.0,71.21000009536749,44.58708172766144,0.5106572029975112,10.018517189349495,3.2425937622223344,0.11911402676905941,-0.5168866086474503,0.41388653193964225,0.15836940836940852,0.019441999296713582,0.435
2513.0,71.21000009536749,44.58708172766144,0.5106572029975112,-1.756458109556347,-1.4861445661354278,0.060613008734042316,-7.343510849598696,0.2190739685444017,0.1835897435897436,0.018045635790745154,0.585283950617284
2520.0,71.21000009536749,44.58708172766144,0.5106572029975112,0.9684831438313557,8.662464026095208,0.03149520166854892,-2.1623216978303157,0.07208042412043421,0.4708994708994707,0.026131876528602986,0.53795
2591.0,41.850000524521,48.16940679948195,0.5178868357660552,-0.18495301795886654,4.179799679861551,0.31170953235064336,-1.1480892513904002,0.08147706401275867,0.1797523191135803,0.02137216076291886,0.22989241379310343
2592.0,41.850000524521,48.16940679948195,0.5178868357660552,0.31736411775762363,4.179799679861551,0.31170953235064336,-26.02350892819516,0.2254434167439328,0.1797523191135803,0.019218504600048307,0.28089472162393414
2593.0,41.850000524521,48.16940679948195,0.5178868357660552,-4.32865708388781,3.2343880833720196,0.2627595594973212,-0.1181195689095885,0.1944919237658607,0.18269031372809874,0.02650725975430687,0.5906523148728228
2599.0,41.850000524521,48.16940679948195,0.5178868357660552,-2.291963233641381,5.125211276351083,0.36065950520396556,4.219383414917191,0.5163419276974384,0.17681432449906187,0.018902895460874772,0.5566133074548436
2610.0,41.850000524521,48.16940679948195,0.5178868357660552,-5.6380573869785895,5.774708277713336,0.16662226077139317,0.9431550509866643,0.03772807085312589,0.22301912686665895,0.09307279107516088,0.46386708591727577
2620.0,18.600000190735,83.7090556293752,0.4856530092368831,-4.854082721595754,5.885463532536939,0.21053328058177936,2.0933980215713963,0.02190968606251846,0.41916834073696824,0.04230919583537682,0.7793149171270719
2630.0,41.850000524521,48.16940679948195,0.5178868357660552,-8.370969720621257,3.060175036752155,0.25934059230519185,-0.6231436848308034,0.028571598205078465,0.2924258106665183,0.08646543673715752,0.6388499544802977
2640.0,41.850000524521,48.16940679948195,0.5178868357660552,-6.5889162551986065,1.5732368781093298,0.36750811428544544,4.1260994441511345,0.4739448976211847,0.43611111111111106,0.06851620966441505,0.602926661555865
2651.0,65.100000858307,12.629757969588695,0.5501206622952274,-4.689480179152539,3.570892389010072,0.14752196279870755,3.2588897679335953,0.020481944170160273,0.15275350194606557,0.045145334801752604,0.648196623870982
2652.0,41.850000524521,48.16940679948195,0.5178868357660552,-0.13129934291840062,2.7518305046386304,0.1988394962891097,-27.587279377743247,0.07107831428701918,0.15048978798978802,0.03716257053388092,0.6749811320754717
2660.0,41.850000524521,48.16940679948195,0.5178868357660552,0.3085136757910112,5.7736582956958715,0.0858771324427889,90.51212426158662,0.018769003636000557,0.2843809523809527,0.03716257053388092,0.7298573396037127
2670.0,41.850000524521,48.16940679948195,0.5178868357660552,1.191050059432297,1.8939104258479444,0.23165211040430334,1.2848867998313889,0.3715760576507393,0.3072078295126006,0.030891732067964497,0.6520705977054928
2710.0,81.99999880790699,59.3556927450992,0.7090929743424865,2.3005064320244406,6.4711268169073355,0.12684160022089758,4.20474832526504,0.1234883527602283,0.05873566917636349,0.033810883006405876,0.74
2731.0,81.99999880790699,59.3556927450992,0.7090929743424865,92.69641460715638,3.1394256089902317,0.3109345738602618,0.16590051323165897,0.42076066635807186,0.29382900199334244,0.03676030692714538,0.6349437534806015
2732.0,81.99999880790699,59.3556927450992,0.7090929743424865,-7.214117915761897,6.515999977771703,0.11812172350422283,0.34766243215795445,0.25753118035706,0.0379746835443038,0.029462062953201078,0.74
2733.0,81.99999880790699,59.3556927450992,0.7090929743424865,28.733497933772423,4.757074213090351,0.20504323434206337,0.15529863152712642,0.011144169116348536,0.1323193077394612,0.03676030692714538,0.5421341570270453
2750.0,98.899996757507,106.0816275206097,0.8680652863897458,-5.215540928700779,5.415969272617027,0.4317248387673928,0.014533937014065168,0.5418592221270917,0.45854299724716946,0.014789058813527293,0.6074448145680659
2790.0,66.79999866485599,145.50840403986152,0.9154577776331105,8.061668067118365,5.707237174154023,0.14978931763845718,-2.8472520788046207,0.18626443432227585,0.0981438904627613,0.03636039602973356,0.6076989980770332
2811.0,66.79999866485599,145.50840403986152,0.9154577776331105,41.03930620457463,3.0475126126030982,0.12573704560570997,-0.308945282917504,0.03447009783216537,0.1495481988026922,0.025886614710186846,0.7139435395265983
2812.0,66.79999866485599,145.50840403986152,0.9154577776331105,-5.243618837513486,3.3885501472950663,0.15829609844272519,-1.2322422651968894,0.05347926326129475,0.10322578131844505,0.020966946046897368,0.5119917590978341
2813.0,66.79999866485599,145.50840403986152,0.9154577776331105,-2.6094462468854718,3.8447906388962227,0.18195288241861002,2.0250897156086376,0.2595587172148191,0.10605994279318495,0.025037381136035503,0.7347750889183345
2814.0,66.79999866485599,145.50840403986152,0.9154577776331105,-3.167165369803615,2.0695855777969507,0.17174905699038062,0.4500800745242671,0.010404169252171164,0.04666339271602431,0.026244813173632905,0.764
2815.0,66.79999866485599,145.50840403986152,0.9154577776331105,-1.2391157936953556,4.462885237796743,0.3668427156347371,10.748215259050586,0.15274991826653395,0.38443140047066426,0.0191935905355756,0.6781010147379885
2816.0,66.79999866485599,145.50840403986152,0.9154577776331105,-0.3295074290778577,3.955164381295062,0.2024628660818871,11.617778209338006,0.019309124502455567,0.3106734844297032,0.023859208465303358,0.7663369921448264
2817.0,66.79999866485599,145.50840403986152,0.9154577776331105,-13.761592905228959,4.750089251642087,0.24082131311203567,1.0403565020990344,0.21212659659596111,0.2735553887794629,0.020709809331433356,0.519372166844244
2818.0,66.79999866485599,145.50840403986152,0.9154577776331105,0.29946403433747104,3.3701410277904964,0.14446771354683122,48.5820310975784,0.1374663548301151,0.08422149516391687,0.03765416476295823,0.7562352941176471
2819.0,66.79999866485599,145.50840403986152,0.9154577776331105,-0.6065058977172799,4.707658866518738,0.20024251630022744,9.714676548664606,0.20431056519573698,0.22666275867761101,0.018461311865629205,0.7031541366155285
2821.0,66.79999866485599,145.50840403986152,0.9154577776331105,3.3086733275373037,4.840035594155534,0.13610262021923486,-0.9457809429563045,0.48362660435910015,0.3484239453357101,0.03281337325583674,0.5323840000000002
2822.0,66.79999866485599,145.50840403986152,0.9154577776331105,1.3583160644120795,5.0888156309661925,0.15838612326619944,-3.5704531518299953,0.08571989717670853,0.08937639514441505,0.02053074777793562,0.6482267041038421
2823.0,66.79999866485599,145.50840403986152,0.9154577776331105,0.5987859150803132,2.300892172773672,0.08023033067827197,3.1777323750833317,0.03778970764193871,0.07150146702385508,0.026828001947622988,0.764
2824.0,66.79999866485599,145.50840403986152,0.9154577776331105,-6.228645345903583,3.7713648055425875,0.10287347390416851,2.6430300926736443,0.09882464135873478,0.1897376918212179,0.036449809515651126,0.764
2825.0,66.79999866485599,145.50840403986152,0.9154577776331105,4.513838508633805,4.263829868589064,0.10368283791972001,-0.3961217794423898,0.19271565575990346,0.3086406971589398,0.025521487833010774,0.764
2826.0,66.79999866485599,145.50840403986152,0.9154577776331105,7.569743257972972,3.180099763334976,0.12081462565365095,-0.7146064685445496,0.13568348447851553,0.20285664722243357,0.021931158644024278,0.5971822071760373
2829.0,34.700000572205,184.93518055911332,0.9628502688764754,-10.160347869688746,1.8135012910434734,0.26328418061067055,-0.0627013998916059,0.041997637328779355,0.18837578387982423,0.01524592569968471,0.562405091067608
2910.0,74.5000000953675,253.76935873166468,0.9632127407777455,5.756549786799381,4.220452305646316,0.010376804343996496,-1.0980964633878492,0.035765488374798836,0.3141747569218684,0.014872064205351063,0.859
2920.0,114.29999961853,322.60353690421607,0.9635752126790158,-3.477150054313183,4.786835777252785,0.2522282927541283,2.9163637171204932,0.4965265879006668,0.42376373626373626,0.025155729303797014,0.7213479898218829
2930.0,74.5000000953675,253.76935873166468,0.9632127407777455,2.513509910816625,3.2976754934869845,0.2234374674436198,-5.0570482966506916,0.05007962577923349,0.07404819391933633,0.023579314942777936,0.5947077816370286
3011.0,74.5000000953675,253.76935873166468,0.9632127407777455,4.98601793766742,3.4771770623942544,0.24232579016801528,-1.706937907111617,0.12089812978281526,0.2441786283891548,0.01846785949587016,0.5636779258249027
3012.0,74.5000000953675,253.76935873166468,0.9632127407777455,16.62058120857468,5.913088411226086,0.05876843874588549,-0.03565453753811264,0.08250155961767255,0.6666666666666666,0.015397102170201345,0.5747525773195874
3020.0,74.5000000953675,253.76935873166468,0.9632127407777455,21.260853372354994,4.323661908741316,0.21204632300562057,0.4932806413820618,0.04608935865712125,0.1025334229898952,0.03706841957064216,0.5500569668997802
3030.0,74.800000071526,161.30176845210804,0.9632127407777455,9.008847519177476,1.0836617661128534,0.1524022934078213,-3.263223491350273,1.9940554581935448,0.21304824534092828,0.04594510517693203,0.5674629210707369
3040.0,74.800000071526,161.30176845210804,0.9632127407777455,1.5873997397678696,8.662464026095208,0.03149520166854892,1.3048368848408085,0.044843495882463336,0.47089947089947065,0.014210532796435917,0.53795
3091.0,74.800000071526,161.30176845210804,0.9632127407777455,18.311617149978666,7.122131753382699,0.3712102752487848,0.6233598405011417,1.5047135393750333,0.40031397174254313,0.020255907146291892,0.859
3092.0,74.800000071526,161.30176845210804,0.9632127407777455,26.241487188635524,4.292507663833378,0.4926699152242314,-0.29098711080548595,0.07970639736764784,0.15742445519321777,0.0047368442654786395,0.5371699857224401
3099.0,74.800000071526,161.30176845210804,0.9632127407777455,-4.578245731325703,4.005056329972501,0.21810815552066937,0.2725803277919424,0.0,0.5,0.023737079924133785,0.8289740932642486
3100.0,74.800000071526,161.30176845210804,0.9632127407777455,-8.484331057994243,3.069398384450639,0.3391651274551643,0.19961525861335438,0.7077298603072736,0.01923076923076925,0.018624427832839217,0.5699544606400444
3211.0,74.800000071526,161.30176845210804,0.9632127407777455,5.516941098853323,1.2189854502296704,0.17467432983105435,1.451401444687249,1.3225292111930647,0.18982125975160047,0.014366427197865989,0.6749811320754717
3212.0,74.800000071526,161.30176845210804,0.9632127407777455,-13.553966788472959,3.608273663160544,0.3861951533557552,-0.9784302909640852,1.2828162839843318,0.1452146525201553,0.0,0.5236586590094999
3220.0,35.300000524522,0.0,0.9632127407777455,6.353505730529019,1.1876159425067812,0.35546512571035,0.5351684312454568,0.11926539978588861,0.5840336134453772,0.0,0.547
3230.0,74.800000071526,161.30176845210804,0.9632127407777455,5.672035877356851,3.888892281362688,0.4934851999623745,-1.4647701162670743,0.10545719652510442,0.409447821681864,0.0,0.5185155322457496
3240.0,74.800000071526,161.30176845210804,0.9632127407777455,-3.557117562021239,3.278922133720852,0.6447669351177885,-0.6997721077798035,0.44871832666382944,0.3470992964681129,0.0,0.5800490540472725
3250.0,74.800000071526,161.30176845210804,0.9632127407777455,10.991750921601673,5.230027732436504,0.23017369455382045,-0.5507482896501733,0.11315365207816794,0.28475077125436177,0.006367303523785671,0.5847954985682756
3290.0,74.800000071526,161.30176845210804,0.9632127407777455,3.874841351213032,3.681712040849705,0.3280239974734447,-2.903714402138638,2.795286674501267,0.3274556486867014,0.009748042047154378,0.5655960971453988
3510.0,74.800000071526,161.30176845210804,0.9632127407777455,17.654806509327802,12.389613279996347,0.041670961960144415,-0.5364585665988763,1.7952398345760963,0.12177835051546392,0.0016775115576447648,0.4482980485726994
3530.0,74.800000071526,161.30176845210804,0.9632127407777455,4.155692561440372,7.8135655725805275,0.06041433792485646,5.009870861862367,0.32772997779782864,0.6247095497095491,0.198530077861951,0.331
3600.0,74.800000071526,161.30176845210804,0.9632127407777455,2.042683842037185,10.101589426288438,0.051042649942500434,-5.178483448692984,2.777035304609613,0.3732439501125065,0.38184934645579316,0.2855
3700.0,74.800000071526,161.30176845210804,0.9632127407777455,8.500937960426281,13.04533234519226,0.02171563426246062,-0.9968075570290329,0.7709523911268497,0.20476489099825573,0.12387835810149336,0.24
3811.0,74.800000071526,161.30176845210804,0.9632127407777455,11.063994525903098,19.25735244238038,0.03333948651013864,-0.36460186954657564,0.6799346873271261,0.14,0.008203776960071412,0.24
3812.0,74.800000071526,161.30176845210804,0.9632127407777455,10.189748090791383,19.25735244238038,0.03333948651013864,-0.459037089330959,0.9128676119092595,0.14,0.008203776960071412,0.24
3821.0,74.800000071526,161.30176845210804,0.9632127407777455,2.913064943868382,6.833312248004142,0.010091782014782603,3.767824401038165,0.03409886773722865,0.26952978199651145,0.09513161739950746,0.24
3822.0,74.800000071526,161.30176845210804,0.9632127407777455,7.259551028356981,19.25735244238038,0.03333948651013864,-3.1972958652586008,0.1800640625277683,0.14,0.09513161739950746,0.24
3830.0,74.800000071526,161.30176845210804,0.9632127407777455,-5.2265692914603035,13.04533234519226,0.02171563426246062,-5.722770808676096,0.384547947394655,0.20476489099825573,0.048947392001246454,0.275733909287257
4220.0,119.4350021696095,8.492808501199345,4.001510808482491,50.06032144464076,13.04533234519226,0.02171563426246062,-0.11601066244978236,1.039401992683994,0.20476489099825573,0.0015807019908351296,0.2578669546436285
4290.0,102.45000190734851,291.409214425169,4.001510808482491,15.394131679391165,13.04533234519226,0.02171563426246062,-2.3081941411224705,0.6786778760546254,0.20476489099825573,0.002371166061037933,0.2578669546436285
4311.0,102.45000190734851,291.409214425169,4.001510808482491,23.058608756570976,13.04533234519226,0.02171563426246062,-0.012599240706649561,0.007873346632950341,0.20476489099825573,0.004300304472433304,0.2578669546436285
4312.0,102.45000190734851,291.409214425169,4.001510808482491,19.327733387324542,13.04533234519226,0.02171563426246062,0.8406929286316783,0.14484483996323838,0.20476489099825573,0.17679468701131523,0.2578669546436285
4390.0,102.45000190734851,291.409214425169,4.001510808482491,16.032956463620064,13.04533234519226,0.02171563426246062,-0.021497189476340564,0.10786950843811419,0.20476489099825573,0.0053850436343830625,0.2578669546436285
4530.0,102.45000190734851,291.409214425169,4.001510808482491,-1.2643774270506225,13.04533234519226,0.02171563426246062,11.11868460513985,3.1867564301888716,0.20476489099825573,0.0,0.2578669546436285
4540.0,102.45000190734851,291.409214425169,4.001510808482491,9.537799657636814,13.04533234519226,0.02171563426246062,-0.6233820922794793,2.742434167103366,0.20476489099825573,0.0024088040281929914,0.2578669546436285
4610.0,102.45000190734851,291.409214425169,4.001510808482491,-5.1043671910607,13.04533234519226,0.02171563426246062,2.026972446846083,0.22756488183631868,0.20476489099825573,0.0,0.2578669546436285
4620.0,102.45000190734851,291.409214425169,4.001510808482491,1.9671757442873306,13.04533234519226,0.02171563426246062,-2.0549714815754023,1.8713214641292182,0.20476489099825573,0.0,0.2578669546436285
4630.0,102.45000190734851,291.409214425169,4.001510808482491,-1.133255252225318,13.04533234519226,0.02171563426246062,6.951683063633473,1.0212943581263005,0.20476489099825573,0.0,0.2578669546436285
4641.0,102.45000190734851,291.409214425169,4.001510808482491,1.2111028484067532,13.04533234519226,0.02171563426246062,-9.165780929918377,1.4096817265718309,0.20476489099825573,0.0,0.2578669546436285
4649.0,102.45000190734851,291.409214425169,4.001510808482491,5.400185765884369,13.04533234519226,0.02171563426246062,-1.476846306698565,0.9888248071886155,0.20476489099825573,0.0,0.2578669546436285
4651.0,102.45000190734851,291.409214425169,4.001510808482491,1.9812234959808217,13.04533234519226,0.02171563426246062,-2.8071814641920216,0.7375120268471568,0.20476489099825573,0.0,0.2578669546436285
4652.0,102.45000190734851,291.409214425169,4.001510808482491,7.272369392851918,13.04533234519226,0.02171563426246062,-0.8333811844745501,0.561126952817376,0.20476489099825573,0.0,0.2578669546436285
4653.0,102.45000190734851,291.409214425169,4.001510808482491,2.4067324352706088,13.04533234519226,0.02171563426246062,-3.2757348352258737,0.6195985487210196,0.20476489099825573,0.0,0.2578669546436285
4659.0,102.45000190734851,291.409214425169,4.001510808482491,-2.4452193486793394,13.04533234519226,0.02171563426246062,4.564614574450574,1.022760141495975,0.20476489099825573,0.0,0.2578669546436285
4661.0,102.45000190734851,291.409214425169,4.001510808482491,-2.733690943545286,13.04533234519226,0.02171563426246062,1.4769792289774901,1.9308274483026777,0.20476489099825573,0.0,0.2578669546436285
4662.0,102.45000190734851,291.409214425169,4.001510808482491,-3.4193698464378697,13.04533234519226,0.02171563426246062,1.8259203366833645,0.6039294989853821,0.20476489099825573,0.0,0.2578669546436285
4663.0,102.45000190734851,291.409214425169,4.001510808482491,-3.1712204565181312,13.04533234519226,0.02171563426246062,3.067029664593658,1.0310051280585921,0.20476489099825573,0.0,0.2578669546436285
4669.0,102.45000190734851,291.409214425169,4.001510808482491,-4.220413636259368,13.04533234519226,0.02171563426246062,1.4949277981098859,1.1403582719475478,0.20476489099825573,0.0,0.2578669546436285
4911.0,419.284998390674,127.19254917030034,4.090135645067345,-12.194351242812829,-9.42674091389618,0.004637952786091654,2.432863920512656,0.11398420431992001,0.5,0.007439557537835401,0.4960758154031222
4922.0,102.45000190734851,291.409214425169,4.001510808482491,2.303863796301453,-9.42674091389618,0.004637952786091654,-6.340086474124434,1.4550602343926773,0.5,0.02200663331576129,0.4960758154031222
4923.0,102.45000190734851,291.409214425169,4.001510808482491,0.7301053094892707,-9.42674091389618,0.004637952786091654,-4.11058271108643,1.0233827151400519,0.5,0.018326411285783523,0.4960758154031222
4930.0,102.45000190734851,291.409214425169,4.001510808482491,6.334001740716055,-9.42674091389618,0.004637952786091654,1.128415716591282,0.5866617474917595,0.5,0.07636986929115863,0.4960758154031222
5011.0,102.45000190734851,291.409214425169,4.001510808482491,14.97972087555346,-9.42674091389618,0.004637952786091654,0.3187748259574787,0.47496809661772477,0.5,0.013807454954325397,0.4960758154031222
5012.0,102.45000190734851,291.409214425169,4.001510808482491,1.514847192037938,-9.42674091389618,0.004637952786091654,-4.170880784515849,1.4059744845623465,0.5,0.009243729276971004,0.4960758154031222
5021.0,102.45000190734851,291.409214425169,4.001510808482491,88.52687803207075,-9.42674091389618,0.004637952786091654,0.06210488461143641,0.2724999446809387,0.5,0.017986066395355917,0.4960758154031222
5022.0,102.45000190734851,291.409214425169,4.001510808482491,13.224029637202461,-9.42674091389618,0.004637952786091654,0.26548136603666983,0.8488247042693521,0.5,0.013037226481677634,0.4960758154031222
5110.0,102.45000190734851,291.409214425169,4.001510808482491,9.842406550815674,-9.42674091389618,0.004637952786091654,-3.120861969275655,2.4128997825285827,0.5,0.0020722905136144124,0.4960758154031222
5120.0,419.284998390674,127.19254917030034,4.090135645067345,4.4346660009002115,-9.42674091389618,0.004637952786091654,-3.511896938639804,1.5281147869941978,0.5,0.0011656418364344979,0.4960758154031222
5210.0,203.570003814697,16.98561700239869,7.690407257398989,7.418692238939806,-9.42674091389618,0.004637952786091654,-5.175413934398521,0.7900437994004306,0.5,0.030108340692806088,0.4960758154031222
5221.0,419.284998390674,127.19254917030034,4.090135645067345,2.5363051124466462,-9.42674091389618,0.004637952786091654,-5.65346603401781,1.396521719162411,0.5,0.02850487788868194,0.4960758154031222
5222.0,1.33,565.8328118479393,0.3126143595659941,23.153647730358173,-9.42674091389618,0.004637952786091654,-0.4945189505007026,0.5718950177211731,0.5,0.0886285497271565,0.4960758154031222
5223.0,634.999992966651,237.39948133820198,0.4898640327357025,9.800111141548307,-9.42674091389618,0.004637952786091654,-1.3091512214695706,0.38315244639449153,0.5,0.0803111345327278,0.4960758154031222
5224.0,419.284998390674,127.19254917030034,4.090135645067345,6.360278942442599,-9.42674091389618,0.004637952786091654,-0.8572754098903413,1.7707721628078328,0.5,0.052288582032054824,0.4960758154031222
5229.0,318.1649964833255,401.61614659307065,0.4012391961508483,10.766199702031031,-9.42674091389618,0.004637952786091654,-0.45057126798565145,0.5451428062099181,0.5,0.04673668203539382,0.4960758154031222
5510.0,668.1000058650965,66.97960488068874,1.195067757910782,-6.150595049278451,-9.42674091389618,0.004637952786091654,-0.08910171993564424,0.42723228367313826,0.5,0.05220697065261578,0.4960758154031222
5520.0,112.200004100798,88.69430545774168,1.1373151072516623,-66.29844885531648,-9.42674091389618,0.004637952786091654,-0.039197968874058596,0.06098462055691137,0.5,0.05005237190765039,0.4960758154031222
5590.0,1224.000007629395,45.26490430363581,1.252820408569902,-9.532175304354972,-9.42674091389618,0.004637952786091654,-0.49123346779734894,17.14427290145447,0.5,0.06789582879071648,0.4960758154031222
5911.0,54.900001525879,0.0,0.8390367984900637,9.692047180954733,-9.42674091389618,0.004637952786091654,0.7446679942105537,1.3451842656896686,0.5,0.030939064860385175,0.47820886075949365
5912.0,90.1000007390975,47.12635811850235,0.8967894491491835,2.885349505678958,-9.42674091389618,0.004637952786091654,2.2499654684756187,0.1018196636214787,0.5,0.030939064860385175,0.47820886075949365
5913.0,90.1000007390975,47.12635811850235,0.8967894491491835,6.591664094808403,-9.42674091389618,0.004637952786091654,-0.6356852253596047,0.033803035300616284,0.5,0.030939064860385175,0.47820886075949365
5914.0,90.1000007390975,47.12635811850235,0.8967894491491835,10.728034377479311,-9.42674091389618,0.004637952786091654,-0.18209401910076675,1.4803819948890955,0.5,0.030939064860385175,0.4960758154031222
5920.0,90.1000007390975,47.12635811850235,0.8967894491491835,22.604940234344074,4.1297861447009865,0.14373108541451513,0.03743105018904764,0.29709687319246086,0.49038461538461575,0.009393171313553005,0.7164177215189873
6190.0,125.299999952316,94.2527162370047,0.5407584897284651,-26.304829914427476,-2.648477384597597,0.0741845191003034,0.03590769357279244,2.398024767740381,0.4951923076923079,0.019038348109508114,0.4960758154031222
6201.0,414.45000302791607,67.57932490675897,0.5880850483617852,12.735813278456142,-2.648477384597597,0.0741845191003034,-0.1272135819405502,0.27798613296053915,0.4951923076923079,0.00880869923280523,0.4960758154031222
6202.0,414.45000302791607,67.57932490675897,0.5880850483617852,0.29781517762241805,-2.648477384597597,0.0741845191003034,-63.143998229709275,0.2438902018068039,0.4951923076923079,0.00880869923280523,0.4960758154031222
6209.0,414.45000302791607,67.57932490675897,0.5880850483617852,8.78608544231363,-2.648477384597597,0.0741845191003034,-2.2755154950424696,0.4098393249737303,0.4951923076923079,0.00880869923280523,0.4960758154031222
6311.0,703.6000061035161,40.90593357651324,0.6354116069951055,5.9922868418642805,-2.648477384597597,0.0741845191003034,-0.9186287071444493,0.37484354266707093,0.4951923076923079,0.006856485006708003,0.4960758154031222
6810.0,43.8999989032745,109.09004073606145,0.9733774936745021,-3.2242428221725628,-6.561181354480883,0.0007461318378911981,-0.5861626544022249,1.3946419450562912,1.0,0.06293383856537904,0.4960758154031222
6910.0,43.8999989032745,109.09004073606145,0.9733774936745021,-6.648189208877486,-6.561181354480883,0.0007461318378911981,3.1381424618033065,1.308852795693278,1.0,0.024972268001504733,0.4960758154031222
6920.0,43.8999989032745,109.09004073606145,0.9733774936745021,-0.9780893746195618,-6.561181354480883,0.0007461318378911981,16.025798411287738,0.8166910443049527,1.0,0.024393510456465865,0.4960758154031222
7010.0,43.8999989032745,109.09004073606145,0.9733774936745021,-86.2419461377116,-6.561181354480883,0.0007461318378911981,0.11246776587699113,0.26993515372499266,1.0,0.0313898984840179,0.4960758154031222
7020.0,47.699999094009,52.94268348989735,0.9307056192537405,-5.189823806486982,-6.561181354480883,0.0007461318378911981,4.1971871349647545,1.7314403132352851,1.0,0.013688909031747137,0.4960758154031222
7110.0,43.8999989032745,109.09004073606145,0.9733774936745021,-4.568494419237745,-6.561181354480883,0.0007461318378911981,3.3725663247856423,1.2875794588538019,1.0,0.013383644073122104,0.47820886075949365
7210.0,40.09999871254,165.23739798222556,1.0160493680952638,-22.220694919996465,-6.561181354480883,0.0007461318378911981,-0.09226522032169035,0.26532393008875743,1.0,0.036226409413104385,0.6317088607594936
7220.0,43.349999070167996,94.94583329346861,1.9022590359684968,-53.848447584618306,-6.561181354480883,0.0007461318378911981,0.013664142355084338,0.9028557917499777,1.0,0.036226409413104385,0.4960758154031222
7310.0,46.599999427796,24.65426860471165,2.7884687038417297,-2.9053606893468698,-6.561181354480883,0.0007461318378911981,4.571203127958558,1.2813482088252823,1.0,0.013960427568220858,0.6317088607594936
7320.0,37.0999997854235,20.917541141167707,3.049944878152937,-12.579911539810773,-6.561181354480883,0.0007461318378911981,1.8129238880936263,1.2190208244475582,1.0,0.025314070137692168,0.4960758154031222
7410.0,27.600000143051,17.180813677623764,3.311421052464144,4.814933297296631,-6.561181354480883,0.0007461318378911981,-2.6777032304073116,0.4967557927309562,1.0,0.018885575078291243,0.47820886075949365
7490.0,37.0999997854235,20.917541141167707,3.049944878152937,4.339648098293991,-6.561181354480883,0.0007461318378911981,-2.7411842759624836,1.693993837552601,1.0,0.018032203119740797,0.47820886075949365
7710.0,17.4000000357625,30.7028853541823,1.8059394495244898,-14.401720402284079,-6.15688013574981,0.005660486773025902,1.4062734953941591,1.2584032468364792,1.0,0.012974179270046734,0.4960758154031222
7721.0,17.4000000357625,30.7028853541823,1.8059394495244898,28.29376247789268,-6.15688013574981,0.005660486773025902,-0.030007954695705098,0.0813894518824215,1.0,0.02285384717515072,0.4960758154031222
7730.0,17.4000000357625,30.7028853541823,1.8059394495244898,-14.362943783364656,-6.15688013574981,0.005660486773025902,2.0608672748705197,1.6047578817055987,1.0,0.02063358025890088,0.4960758154031222
7740.0,17.4000000357625,30.7028853541823,1.8059394495244898,-42.333549577101294,-6.15688013574981,0.005660486773025902,-0.2950190389010046,0.08530128413671782,1.0,0.0018892861378924718,0.4960758154031222
7810.0,17.4000000357625,30.7028853541823,1.8059394495244898,13.017986154671025,-6.15688013574981,0.005660486773025902,-2.2609266443848903,11.76492865402142,1.0,0.027287726417092213,0.4960758154031222
7830.0,33.500000298023,25.82601101296521,2.2197251215624307,-95.76447593523338,-6.15688013574981,0.005660486773025902,0.33888125139511854,0.6409992996781385,1.0,0.027287726417092213,0.4960758154031222
7911.0,7.199999928474,44.22495703074083,0.3004578465848358,-0.16430075711624248,-6.15688013574981,0.005660486773025902,118.78044613342524,1.7289913533571006,1.0,0.012718742326008593,0.7188828556704351
7912.0,33.500000298023,25.82601101296521,2.2197251215624307,-6.82504458581491,-6.15688013574981,0.005660486773025902,2.666079087024976,0.9380906669964715,1.0,0.012718742326008593,0.4960758154031222
7990.0,33.500000298023,25.82601101296521,2.2197251215624307,1.6424113040415689,-5.752578917018736,0.010574841708160606,-1.984393480553929,0.7827732028429506,1.0,0.024434224785637053,0.47820886075949365
8110.0,33.500000298023,25.82601101296521,2.2197251215624307,4.2504095310432755,-6.15688013574981,0.005660486773025902,-5.105653910446147,0.1359842128545679,1.0,0.043296710212649275,0.4960758154031222
8129.0,33.500000298023,25.82601101296521,2.2197251215624307,10.784102908929638,-6.15688013574981,0.005660486773025902,-1.1109716832454528,0.48287412201002017,1.0,0.028092339889320472,0.4960758154031222
8219.0,33.500000298023,25.82601101296521,2.2197251215624307,20.552409834880937,-6.15688013574981,0.005660486773025902,-0.4628426536595355,1.151575493131836,1.0,0.08465168991829175,0.4960758154031222
8220.0,59.800000667572,7.427064995189592,4.138992396540026,4.775088381321235,-6.15688013574981,0.005660486773025902,-1.6423715555888383,1.674859423810065,1.0,0.10563187034846323,0.7188828556704351
8230.0,33.500000298023,25.82601101296521,2.2197251215624307,13.894978298899673,-6.15688013574981,0.005660486773025902,-0.6192257549929523,0.5627494568655228,1.0,0.018849826995640473,0.4960758154031222
8291.0,33.500000298023,25.82601101296521,2.2197251215624307,4.4519023443319705,-6.15688013574981,0.005660486773025902,-2.704206608994022,1.1409034662298398,1.0,0.10563187034846323,0.4960758154031222
8292.0,33.500000298023,25.82601101296521,2.2197251215624307,13.071619712383109,-6.15688013574981,0.005660486773025902,-0.845613056778295,0.497334291149048,1.0,0.04851249017796939,0.4960758154031222
8299.0,33.500000298023,25.82601101296521,2.2197251215624307,20.976467146136414,-6.15688013574981,0.005660486773025902,-0.7865259780532552,0.13769893590007762,1.0,0.08393635951025755,0.4960758154031222
