REF_AREA,ACTIVITY,OBS_VALUE,TIME_PERIOD,diversity,ubiquity,mcp,eci,pci,density,coi,cog,rca,distance,nombre_actividad,clase_titulo,seccion_codigo,seccion_titulo,division_titulo,topsis_atractivo,topsis_viabilidad,Clusters
HND,2651,1629.0,2019,53,4,1,-1.1439451466634087,3.775103515438221,0.2710186983972071,0.02175665854353467,0.0,1.0158765393052025,0.7289813016027928,"Fabricación de equipo de medición, prueba, navegación y control","Fabricación de equipo de medición, prueba, navegación y control",C,Industrias manufactureras,"Fabricación de productos de informática, de electrónica y de óptica",0.32232229512278615,0.38088356947624713,C1 Manufactura avanzada y metalmecánica
HND,2930,50.0,2019,53,7,0,-1.1439451466634087,-2.855275448355728,0.26455231584861033,0.02175665854353467,0.17020136305895212,0.009080515422008481,0.7354476841513897,"Fabricación de partes, piezas y accesorios para vehículos automotores","Fabricación de partes, piezas y accesorios para vehículos automotores",C,Industrias manufactureras,"Fabricación de vehículos automotores, remolques y semirremolques",0.34542856670142286,0.3953849315973444,C1 Manufactura avanzada y metalmecánica
HND,2013,868.0,2019,53,7,1,-1.1439451466634087,2.9308374165613,0.2890828615523352,0.02175665854353467,0.0,1.3100854752439994,0.7109171384476648,Fabricación de plásticos y caucho sintético en formas primarias,Fabricación de plásticos y caucho sintético en formas primarias,C,Industrias manufactureras,Fabricación de sustancias y productos químicos,0.3195216949042261,0.4832646263520481,"C2 Química, materiales y farmacéutica"
HND,2100,2869.0,2019,53,10,1,-1.1439451466634087,0.07940281723823887,0.31488686804324095,0.02175665854353467,0.0,1.2768179879065917,0.685113131956759,"Fabricación de productos farmacéuticos, sustancias químicas medicinales y productos botánicos de uso farmacéutico","Fabricación de productos farmacéuticos, sustancias químicas medicinales y productos botánicos de uso farmacéutico",C,Industrias manufactureras,"Fabricación de productos farmacéuticos, sustancias químicas medicinales y productos botánicos de uso farmacéutico",0.3470270881581355,0.47195717442014545,"C2 Química, materiales y farmacéutica"
HND,2391,112.0,2019,53,9,1,-1.1439451466634087,-0.5871642529845923,0.32712235073636176,0.02175665854353467,0.0,1.153039526509127,0.6728776492636382,Fabricación de productos refractarios,Fabricación de productos refractarios,C,Industrias manufactureras,Fabricación de otros productos minerales no metálicos,0.3100028728950962,0.4660597609286729,"C2 Química, materiales y farmacéutica"
HND,1062,330.0,2019,53,9,1,-1.1439451466634087,1.3175394917602476,0.29306013703046313,0.02175665854353467,0.0,5.048642778795328,0.7069398629695369,Elaboración de almidones y productos derivados del almidón,Elaboración de almidones y productos derivados del almidón,C,Industrias manufactureras,Elaboración de productos alimenticios,0.33329302762409585,0.523124445303826,C3 Agroindustria y alimentos procesados
HND,1103,925.0,2019,53,11,1,-1.1439451466634087,-0.3149300962235556,0.3299177073441091,0.02175665854353467,0.0,2.421855100444921,0.6700822926558909,Elaboración de malta y licores de malta,Elaboración de bebidas malteadas y de malta,C,Industrias manufactureras,Elaboración de bebidas,0.3046941165385333,0.4241209168508629,C3 Agroindustria y alimentos procesados
HND,1050,4783.0,2019,53,15,1,-1.1439451466634087,-0.6257769830589942,0.3336298932384341,0.02175665854353467,0.0,2.740858584307015,0.6663701067615659,Elaboración de productos lácteos,Elaboración de productos lácteos,C,Industrias manufactureras,Elaboración de productos alimenticios,0.28850150060027935,0.5491412548381965,C3 Agroindustria y alimentos procesados
HND,1080,2036.0,2019,53,13,1,-1.1439451466634087,-0.8791064590615598,0.33708980787370274,0.02175665854353467,0.0,3.4663813579651976,0.6629101921262972,Elaboración de alimentos preparados para animales,Elaboración de piensos preparados para animales,C,Industrias manufactureras,Elaboración de productos alimenticios,0.34711885879064397,0.5401391181571902,C3 Agroindustria y alimentos procesados
HND,1020,2923.0,2019,53,9,1,-1.1439451466634087,-1.1103123227429423,0.3607107035345514,0.02175665854353467,0.0,3.4558862960650076,0.6392892964654486,"Elaboración y conservación de pescado, crustáceos y moluscos","Elaboración y conservación de pescado, crustáceos y moluscos",C,Industrias manufactureras,Elaboración de productos alimenticios,0.34119741965180916,0.6554070780909618,C3 Agroindustria y alimentos procesados
HND,7320,1237.0,2019,53,12,1,-1.1439451466634087,-0.3705698930212059,0.35010221700747557,0.02175665854353467,0.0,2.5306963144153256,0.6498977829925244,Estudios de mercado y encuestas de opinión pública,Estudios de mercado y encuestas de opinión pública,M,"Actividades profesionales, científicas y técnicas",Publicidad y estudios de mercado,0.2930087576278711,0.571587244758357,C4 Servicios empresariales intensivos en conocimiento (KIBS)
HND,8220,3662.0,2019,53,9,1,-1.1439451466634087,-2.7438588463389775,0.3689713489184332,0.02175665854353467,0.0,1.55009397247701,0.6310286510815668,Actividades de centros de llamadas,Actividades de centros de llamadas,N,Actividades de servicios administrativos y de apoyo,Actividades administrativas y de apoyo de oficina y otras actividades de apoyo a las empresas,0.3253755957141075,0.49794314883228014,C4 Servicios empresariales intensivos en conocimiento (KIBS)
HND,7990,962.0,2019,53,8,1,-1.1439451466634087,1.4541318790602769,0.3232871409720727,0.02175665854353467,0.0,3.3831752627135807,0.6767128590279273,Otros servicios de reservas y actividades conexas,Otros servicios de reservas y actividades conexas,N,Actividades de servicios administrativos y de apoyo,Actividades de agencias de viajes y operadores turísticos y servicios de reservas y actividades conexas,0.29203221667931056,0.5711041309709519,"C5 Turismo, conectividad y logística"
HND,7721,178.0,2019,53,6,1,-1.1439451466634087,0.5966220505281822,0.3263051110735597,0.02175665854353467,0.0,1.634924842316247,0.6736948889264402,Alquiler y arrendamiento de equipo recreativo y deportivo,Alquiler y arrendamiento de equipo recreativo y deportivo,N,Actividades de servicios administrativos y de apoyo,Actividades de alquiler y arrendamiento,0.3095817666465569,0.5609464545645115,"C5 Turismo, conectividad y logística"
HND,5110,1009.0,2019,53,10,1,-1.1439451466634087,0.300284517894247,0.3322939339256929,0.02175665854353467,0.0,1.4690381542873037,0.667706066074307,Transporte de pasajeros por vía aérea,Transporte de pasajeros por vía aérea,H,Transporte y almacenamiento,Transporte por vía aérea,0.3266397544574054,0.5125460538390546,"C5 Turismo, conectividad y logística"
HND,5011,576.0,2019,53,7,1,-1.1439451466634087,-0.19908172492540538,0.3238264908320159,0.02175665854353467,0.0,1.3257507101890658,0.6761735091679841,Transporte de pasajeros marítimo y de cabotaje,Transporte de pasajeros marítimo y de cabotaje,H,Transporte y almacenamiento,Transporte por vía acuática,0.33220946326009115,0.48962860357600135,"C5 Turismo, conectividad y logística"
HND,5222,1560.0,2019,53,11,1,-1.1439451466634087,-0.5438320127382055,0.33246031005808524,0.02175665854353467,0.0,3.0603195129865384,0.6675396899419148,Actividades de servicios vinculadas al transporte acuático,Actividades de servicios vinculadas al transporte acuático,H,Transporte y almacenamiento,Almacenamiento y actividades de apoyo al transporte,0.2988582533071742,0.45111196731497194,"C5 Turismo, conectividad y logística"
HND,7710,795.0,2019,53,9,1,-1.1439451466634087,-0.7675987001519639,0.3495832565840271,0.02175665854353467,0.0,1.080641646953273,0.6504167434159729,Alquiler y arrendamiento de vehículos automotores,Alquiler y arrendamiento de vehículos automotores,N,Actividades de servicios administrativos y de apoyo,Actividades de alquiler y arrendamiento,0.27367640759185796,0.5758749781851613,"C5 Turismo, conectividad y logística"
HND,2030,857.0,2019,53,7,1,-1.1439451466634087,1.1010750824394324,0.2851738680297466,0.02175665854353467,0.0,7.392161736574245,0.7148261319702534,Fabricación de fibras artificiales,Fabricación de fibras artificiales,C,Industrias manufactureras,Fabricación de sustancias y productos químicos,0.28751226318275164,0.4862588244374931,"C6 Textiles, confección y materiales flexibles"
HND,1313,71320.0,2019,53,5,1,-1.1439451466634087,-1.2791290626642113,0.34658518125179266,0.02175665854353467,0.0,100.28568345824776,0.6534148187482074,Acabado de productos textiles,Acabado de productos textiles,C,Industrias manufactureras,Fabricación de productos textiles,0.35463991259436173,0.4545087619616092,"C6 Textiles, confección y materiales flexibles"
HND,1391,2839.0,2019,53,7,1,-1.1439451466634087,-1.567692338093349,0.33163610706749513,0.02175665854353467,0.0,26.869275079678527,0.6683638929325049,Fabricación de tejidos de punto y ganchillo,Fabricación de tejidos de punto y ganchillo,C,Industrias manufactureras,Fabricación de productos textiles,0.35518656593217257,0.46839910960489234,"C6 Textiles, confección y materiales flexibles"
HND,1311,9914.0,2019,53,8,1,-1.1439451466634087,-2.1418306847136006,0.35016551955158653,0.02175665854353467,0.0,31.933409069534683,0.6498344804484135,Preparación e hilatura de fibras textiles,Preparación e hilatura de fibras textiles,C,Industrias manufactureras,Fabricación de productos textiles,0.29911825385453805,0.5580895044336934,"C6 Textiles, confección y materiales flexibles"
HND,1399,3752.0,2019,53,7,1,-1.1439451466634087,-2.643832901761315,0.34879489426431437,0.02175665854353467,0.0,6.302017202744275,0.6512051057356856,Fabricación de otros productos textiles n.c.p.,Fabricación de otros productos textiles n.c.p.,C,Industrias manufactureras,Fabricación de productos textiles,0.379037137320693,0.42717822970075425,"C6 Textiles, confección y materiales flexibles"
HND,1392,9677.0,2019,53,11,1,-1.1439451466634087,-3.060874918034073,0.3459604323796983,0.02175665854353467,0.0,13.381233115486468,0.6540395676203017,"Fabricación de artículos confeccionados de materiales textiles, excepto prendas de vestir","Fabricación de artículos confeccionados de materiales textiles, excepto prendas de vestir",C,Industrias manufactureras,Fabricación de productos textiles,0.38758633073569043,0.4432777032461148,"C6 Textiles, confección y materiales flexibles"
HND,1410,16142.0,2019,53,12,1,-1.1439451466634087,-3.3476718833887986,0.35151727979462843,0.02175665854353467,-0.0,4.690037319978463,0.6484827202053716,"Fabricación de prendas de vestir, excepto prendas de piel","Fabricación de prendas de vestir, excepto prendas de piel",C,Industrias manufactureras,Fabricación de prendas de vestir,0.3651717223261044,0.4760565040779506,"C6 Textiles, confección y materiales flexibles"
